# problem=SEAS Benchmark BP1-QD
# code=Thrase
# modeler=B. A. Erickson
# date=2023/01/09
# element size=xx m
# location=on fault, z = 0.0 km
# Lz = 40 km
t slip slip_rate shear_stress state
0.0	0.0	-9.0	26.546122361157614	3.9030899869919407
6398.82121380442	4.075114649219286e-6	-9.38260581625185	26.546124971910693	4.158162043121755
23119.341590846558	7.891578324288455e-6	-9.88456995380512	26.546139470000202	4.492813196850947
59308.82633507758	1.04899821611273e-5	-10.387130942821063	26.546177210573497	4.8278757102587955
137718.7086946562	1.2258514616551175e-5	-10.890281692739588	26.54626331939778	5.16335940566466
307781.56807598297	1.3461873117551085e-5	-11.393983496083033	26.546453038043236	5.499270466244663
677008.731829123	1.4280548057005363e-5	-11.898136750434185	26.546866955880894	5.835612318790149
1.4794620361186075e6	1.4837617810741099e-5	-12.402515886437236	26.547767910026913	6.172386782010977
3.225222928179168e6	1.5217038958530727e-5	-12.906624147251039	26.549728897751855	6.509594484083678
7.026992597667274e6	1.5476146460485018e-5	-13.409375359946708	26.554000007347398	6.847235184984687
1.5314436034038795e7	1.565421648135945e-5	-13.908397450067135	26.56331099519022	7.185308192583358
3.3398113966279633e7	1.5778373895059316e-5	-14.39850625614699	26.583628402912694	7.523812380709295
7.289676620779857e7	1.58677783282071e-5	-14.868361208209688	26.628006206944217	7.862746395942108
1.5925526835897082e8	1.593693875521123e-5	-15.293128717309683	26.7250324615839	8.202108691245048
3.482513778381834e8	1.5999719255889098e-5	-15.618373117843252	26.93737511206771	8.541897280262699
7.622721293531879e8	1.6081695750296067e-5	-15.724653779105617	27.402539584343874	8.882108872420247
1.6700869231157606e9	1.633437740373389e-5	-15.349659503545192	28.422496081678247	9.22272799346669
3.693749367685085e9	2.3363005575411097e-5	-13.891413133754572	30.696132817434282	9.567134264475765
5.775042767172543e9	0.0003873903391775842	-12.124771283808439	33.03411853761794	9.743205426928677
6.588307515094828e9	0.002166037494798814	-11.284131446994774	33.945847182091946	9.71072382847453
6.928972384043181e9	0.005532217734718031	-10.730324586428603	34.32481223885441	9.560962498739679
7.071763553466244e9	0.00996683162779935	-10.26593476487822	34.48025992268818	9.341382712776113
7.129523231683395e9	0.014980036220160038	-9.828475287482947	34.539522146469054	9.084059403507043
7.151974239057626e9	0.020242666971476593	-9.399123032346843	34.55883379617482	8.809007157193198
7.160497129840024e9	0.025586577351816717	-8.972376168053446	34.56240547471626	8.526577461122601
7.163700538418022e9	0.0309433176581902	-8.546595215161142	34.559986142806636	8.241322555196787
7.164900856427921e9	0.036289828909889583	-8.121292480853606	34.555327772021855	7.955089924249284
7.165350490056252e9	0.041620354754096374	-7.69634947930043	34.549843945201395	7.668619124193134
7.165519050735152e9	0.046934948818378466	-7.271763943258097	34.54406222443201	7.382214128397673
7.165582313343579e9	0.05223522089117766	-6.8475662843447225	34.53817828934604	7.096008508469455
7.165606086223787e9	0.05752291905222306	-6.423790782361396	34.53226411354393	6.810066760380918
7.165615031075106e9	0.0627995224117838	-6.00046724914911	34.526345743350376	6.524423750560652
7.165618401012889e9	0.06806618064866118	-5.577619488508562	34.52043228321611	6.239100381115644
7.165619672250133e9	0.07332376804982606	-5.155265223942251	34.514526656481976	5.954109529496527
7.165620152409944e9	0.0785729532497969	-4.733417488922178	34.50862958107059	5.669458637220069
7.165620334004015e9	0.08381430563117363	-4.312084159709323	34.50274097061519	5.385148526640504
7.16562040277156e9	0.08904846058294717	-3.891265764250302	34.49686031992101	5.101167743976997
7.165620428848548e9	0.09427645691490576	-3.4709491349917005	34.49098654065432	4.817476638869799
7.165620438752187e9	0.09950058723002073	-3.0510871393165444	34.485117086800656	4.533962938706474
7.165620442520802e9	0.10472656752719549	-2.6315457712463544	34.47924554754454	4.250325234130664
7.165620443959284e9	0.10996920950444686	-2.2119654404393643	34.473355285779945	3.965765981036708
7.165620444511664e9	0.11526769788552445	-1.7913819487224087	34.46740227793265	3.6781628538201345
7.165620444726716e9	0.12072875323967652	-1.367141428071308	34.461266620902066	3.381726172124849
7.165620444813393e9	0.1266677054769682	-0.9311842441896878	34.45459403243906	3.059341187948826
7.165620444852303e9	0.13441795196433481	-0.4442437429568665	34.445886401239804	2.6386277536083806
7.165620444871486e9	0.14708691269135116	0.08782659501479187	34.43165244903514	1.9509102106079943
7.165620444879606e9	0.1621584798317707	0.4395881894386506	34.414719097424296	1.1328264206653402
7.165620444885249e9	0.18412273979474778	0.7299957838529137	34.390041601483375	-0.058709596495200383
7.165620444889084e9	0.21063992320330943	0.9417696760131874	34.36024876133732	-1.484868265406727
7.165620444891307e9	0.23298810908779558	1.0562824591133275	34.33513991326018	-2.5668388799359887
7.165620444892608e9	0.24861037566715308	1.0968724733234139	34.3175878345279	-3.0229816133529033
7.165620444893496e9	0.25984236940676336	1.107191019080284	34.304968357230024	-3.150052960804033
7.165620444894459e9	0.272226429903117	1.1102188584894586	34.29105449884369	-3.1937652189517522
7.165620444895708e9	0.2883550881241934	1.110324219735503	34.27293347411873	-3.205503310093476
7.165620444897625e9	0.3130552317679799	1.109029128587293	34.24518213190882	-3.2062900116275195
7.165620444901754e9	0.3659286986169253	1.1058397471010162	34.18577722748782	-3.2032348671398196
7.165620444910043e9	0.47090218395724276	1.099410601199948	34.06783641076029	-3.196813482179122
7.165620444918629e9	0.5780354861018863	1.0927463393343786	33.94746897594874	-3.1901570706441786
7.165620444927304e9	0.6846095906493997	1.0860104818852443	33.82772981618328	-3.1834292786567064
7.1656204449360695e9	0.7906226390879287	1.0792013404469571	33.708621019556546	-3.176628426414951
7.165620444944926e9	0.8960722244060136	1.0723171975080563	33.59014529041795	-3.1697528054265005
7.1656204449538765e9	1.0009556679691245	1.0653562874288778	33.47230563829183	-3.1628006595351836
7.165620444962922e9	1.1052699829730306	1.0583167968872884	33.35510541894158	-3.155770185393106
7.165620444972068e9	1.2090136653193753	1.0511967389770984	33.23854632226633	-3.148659406753334
7.165620444981314e9	1.3121820598606702	1.0439942667159474	33.1226335784618	-3.1414664876033953
7.165620444990663e9	1.4147750825308933	1.0367071345037495	33.00736728197833	-3.134189194368557
7.165620445000116e9	1.5167875074541235	1.0293333734687156	32.89275330424246	-3.126825570399136
7.165620445009679e9	1.6182191294907613	1.0218705648445554	32.7787918757347	-3.119373210372503
7.165620445019352e9	1.7190665779432601	1.0143164205128077	32.66548678353345	-3.111829840092886
7.165620445029139e9	1.8193265422862155	1.006668550022776	32.552841747112126	-3.1041930838749905
7.1656204450390415e9	1.9189978057016759	0.9989242948252032	32.44085813360087	-3.096460299081569
7.165620445049064e9	2.0180756008249165	0.9910811573951877	32.32954129927592	-3.088629004676193
7.165620445059208e9	2.1165578245174186	0.983136314467267	32.218893607075444	-3.080696395242004
7.165620445069479e9	2.2144441333059044	0.9750866643054018	32.10891544290169	-3.0726593882809548
7.165620445079878e9	2.3117235406137544	0.9669298538079413	31.999619150498148	-3.0645156497616717
7.165620445090411e9	2.408401971965801	0.9586619784480248	31.890998072363146	-3.0562612978031694
7.16562044510108e9	2.5044728272959684	0.9502800230619052	31.783059623866194	-3.047893339678938
7.165620445111889e9	2.5999305152517387	0.9417807425286421	31.675810087055908	-3.0394085543546803
7.165620445122843e9	2.694774668476693	0.933160255984521	31.569249874670078	-3.0308030875447862
7.165620445133944e9	2.789003164585782	0.9244146397166	31.463381371270117	-3.0220730437561225
7.165620445145198e9	2.8826097494453418	0.9155401573519006	31.35821160356025	-3.0132147161733704
7.165620445156609e9	2.975591839447032	0.9065325237828344	31.253743474300137	-3.0042238520533084
7.165620445168184e9	3.067945735858822	0.897387330554878	31.14998113912614	-2.995096077540208
7.165620445179925e9	3.159670903685313	0.8880996023471182	31.046925199121034	-2.9858264551990206
7.16562044519184e9	3.250761614791296	0.8786646162588105	30.944582090013483	-2.9764103019468435
7.165620445203933e9	3.3412129471856225	0.8690772987075382	30.84295734180685	-2.9668425873266893
7.1656204452162075e9	3.431021401343531	0.8593321264842909	30.74205488631995	-2.9571178350666187
7.165620445228675e9	3.520189294356357	0.8494225894833396	30.641872120233785	-2.9472295873299013
7.165620445241341e9	3.6087019068213944	0.83934371573964	30.542425581230674	-2.9371729246578218
7.16562044525421e9	3.6965608858302272	0.829088333466517	30.44371341875629	-2.926940736430846
7.165620445267292e9	3.7837617825981034	0.818649524515548	30.345740631150676	-2.9165261695389457
7.165620445280593e9	3.8703004494341227	0.808019880083352	30.24851187846778	-2.9059218862056513
7.16562044529412e9	3.9561736029419214	0.7971913818538149	30.152030849701333	-2.8951199460235264
7.165620445307885e9	4.041378710865432	0.7861553543341308	30.056300389914014	-2.8841117591282686
7.165620445321896e9	4.125907717811616	0.774903243173098	29.96132954958037	-2.872888863283991
7.165620445336161e9	4.209751911744698	0.7634259832078666	29.867128116929308	-2.861442294262939
7.165620445350693e9	4.292917348059685	0.7517117473277468	29.773689288545285	-2.84976034195319
7.165620445365503e9	4.375390972669104	0.7397505498203906	29.68102773108265	-2.837833142486075
7.165620445380604e9	4.457174097509074	0.7275294892300863	29.589141970541533	-2.825647935495697
7.1656204453960085e9	4.538255558530297	0.7150365279856242	29.498044550062588	-2.813192834676058
7.165620445411731e9	4.618632457247754	0.7022573284374126	29.407738726177996	-2.8004536748837063
7.165620445427784e9	4.698296705935244	0.6891771665913237	29.31823358568934	-2.7874159224229054
7.165620445444185e9	4.7772472516365125	0.6757788155138263	29.229530311620948	-2.7740625678756303
7.165620445460952e9	4.85547883403665	0.6620441802833049	29.14163481409676	-2.76037575910823
7.165620445478106e9	4.932989362415373	0.6479528535553902	29.05454944210058	-2.746335365562863
7.1656204454956665e9	5.009769690214932	0.6334837355554572	28.968284472059423	-2.7319205970535054
7.165620445513653e9	5.085807601428277	0.6186142085752903	28.882853629020502	-2.717109186184718
7.165620445532091e9	5.161096546103759	0.6033181412682785	28.79826427204833	-2.7018754070604896
7.165620445551011e9	5.235640504233944	0.5875642525354536	28.71451192950215	-2.686188455339337
7.165620445570444e9	5.309434000962526	0.5713196696939192	28.63160275254657	-2.670016002745387
7.165620445590421e9	5.382462036524493	0.5545497868036637	28.54955359386102	-2.6533240673948555
7.165620445610978e9	5.454724964437045	0.5372119859803077	28.468364056257343	-2.6360707802619334
7.165620445632154e9	5.526201939692667	0.519263385815295	28.388057559719783	-2.618214117729839
7.165620445654e9	5.59689679658422	0.5006487213052108	28.308629796306633	-2.599699868506756
7.16562044567657e9	5.666810268085904	0.48130539063487615	28.230079942497724	-2.580466694203562
7.16562044569992e9	5.735924760993385	0.46116649785925845	28.152427764783425	-2.560449199472285
7.165620445724118e9	5.804238203050679	0.4401495123914273	28.075675591399232	-2.539566719343331
7.165620445749243e9	5.871739668504863	0.41816045806060226	27.999835697756026	-2.5177275714531566
7.165620445775382e9	5.938419662477186	0.39508753140679714	27.92491875162912	-2.494822833960281
7.165620445802652e9	6.004288142160647	0.3707893845415618	27.850913565818047	-2.4707148894770072
7.165620445831174e9	6.069332001041394	0.34510337839309346	27.77783486587785	-2.445245869326827
7.165620445861101e9	6.133548353162286	0.31782475694009027	27.70568589426901	-2.418217361728486
7.165620445892636e9	6.196957780978322	0.28868543859765294	27.634443525994612	-2.389369991713373
7.16562044592601e9	6.259558132107626	0.25735310753089063	27.564110179318305	-2.3583834658589873
7.165620445961531e9	6.3213610031904475	0.22338358395960387	27.49467282507183	-2.3248309924899364
7.165620445999608e9	6.3824067834722245	0.1861567250724683	27.42608608474464	-2.2881187579516356
7.165620446040819e9	6.442765138656804	0.14477694951877723	27.35827168685799	-2.247393160056241
7.165620446086016e9	6.502577159876215	0.09785544773016147	27.29107111134934	-2.2013375934856962
7.16562044613658e9	6.5621201870686905	0.04304438248205533	27.224172758596325	-2.1477417403875765
7.165620446195154e9	6.622084112870174	-0.024317422186046236	27.15680151381028	-2.0822538374432122
7.165620446269181e9	6.685205538102377	-0.11755542471016324	27.085882725006996	-1.9925389975680434
7.165620446375712e9	6.753731619732866	-0.27673030356318357	27.008891644864235	-1.843075205688062
7.165620446487461e9	6.800616953303021	-0.4994953544656585	26.956214585480012	-1.6453679687620515
7.165620446650442e9	6.833099881843371	-0.9671316026794161	26.919719054342096	-1.2763371085548205
7.165620446910733e9	6.846150358920533	-1.6829836009371903	26.90505645750025	-0.7748710967201435
7.165620447409153e9	6.850716949849284	-2.3942674840246148	26.899925758036517	-0.29737381691314163
7.165620448360545e9	6.852614704651973	-2.994990922133999	26.8977935754331	0.10300910551745814
7.165620450263658e9	6.85362604736994	-3.5409828123549505	26.896657304104593	0.4666176296731459
7.165620454217334e9	6.854237815692379	-4.065704031117811	26.895969968735045	0.8161095663387619
7.165620462545677e9	6.854627351460163	-4.579622119831841	26.895532323131448	1.1584906031359838
7.165620480217435e9	6.8548821473778565	-5.087506350085671	26.895246072234187	1.4969211510208273
7.165620517885475e9	6.855051434652345	-5.591908487496055	26.895055915292943	1.8330812400112035
7.165620598430443e9	6.855164987477433	-6.0943209799412825	26.894928425829022	2.167949736663373
7.165620771069291e9	6.855241610037022	-6.5956648451475814	26.89484253208164	2.5021294495605013
7.165621141809396e9	6.85529350616566	-7.096527459770824	26.894784641783446	2.8360044026170534
7.165621939257051e9	6.855328736288982	-7.597290852875183	26.894745955653235	3.169824283705356
7.165623656978267e9	6.855352685458311	-8.098207155843134	26.894720977962862	3.5037540286183106
7.165627361784153e9	6.855368978287195	-8.599443667016915	26.894706834947357	3.8379035151407557
7.165635362022307e9	6.855380066317919	-9.101110752927502	26.894703365719835	4.172346230839809
7.165652657742627e9	6.855387612834122	-9.60327844852368	26.894714319240194	4.507131037512446
7.165690090754114e9	6.855392748525181	-10.105986343010738	26.89475060623525	4.842290646223517
7.165771193974861e9	6.855396242920485	-10.60924443792243	26.89483780204708	5.177846534397723
7.165947099405182e9	6.855398620104825	-11.113024353932209	26.895032766165315	5.513812707530775
7.166329018353374e9	6.855400237142552	-11.617231300295025	26.895460046613408	5.850198092494052
7.167159076809138e9	6.855401337382805	-12.121637483616068	26.89639140569605	6.187008193518681
7.1689649504394655e9	6.855402086764198	-12.625732765814785	26.89841951620045	6.524246111244206
7.1728977666411915e9	6.8554025985878315	-13.128396064616949	26.90283757651767	6.861913296634578
7.181471200183625e9	6.855402950471125	-13.627175143340411	26.9124696874226	7.200010245937023
7.200179656381814e9	6.8554031960419834	-14.11670754051131	26.933488915600975	7.538536557133276
7.241044595113041e9	6.855403373239477	-14.58526045363846	26.979401684291844	7.877491382006504
7.330393878500074e9	6.855403510945459	-15.007138880221921	27.079788093127974	8.216873350949632
7.525943040778793e9	6.855403637246954	-15.32601600094234	27.299493220956975	8.556680397645891
7.95433369953817e9	6.855403806140977	-15.41829658556793	27.780802611542896	8.896907470622502
8.893648707616728e9	6.855404357598325	-15.012555714662254	28.836150196008276	9.23752239962679
1.1072509251808744e10	6.855425171921585	-13.416233509036386	31.284141100056587	9.590839518002518
1.2796079506563862e10	6.855975187329567	-11.932078099377842	33.22000531971233	9.722382775976971
1.3492541133969797e10	6.8580743529754224	-11.171988012739943	34.00014209030567	9.66740151101428
1.3785235307228033e10	6.86168338327053	-10.643731878916832	34.324937801881134	9.503306735503138
1.3907481340012543e10	6.866263459829513	-10.187275833483577	34.457138985201055	9.275555031086544
1.3956563166512897e10	6.871348921716009	-9.752325680147273	34.506570202611584	9.014211868759658
1.3975538647989874e10	6.876641469647054	-9.323872059970839	34.52194338330017	8.73747810525308
1.39827242221256e10	6.881995951610435	-8.897519395473749	34.52400066953513	8.454434286036948
1.398542262739301e10	6.8873553356986275	-8.471975268243055	34.521010981095316	8.169006993502437
1.3986433643102898e10	6.89270190826853	-8.046821886649635	34.516139854683644	7.882750732573245
1.3986812401876623e10	6.8980313794439745	-7.622011179715476	34.510577582819025	7.59632270371703
1.398695442173194e10	6.903344411575435	-7.197561685790486	34.5047677975256	7.3099921493102205
1.398700773830381e10	6.908642970346414	-6.773500541276704	34.49887461271854	7.023872176666225
1.3987027779632494e10	6.9139288518105895	-6.34986700137116	34.49295828552047	6.73802380782898
1.398703532289206e10	6.919203631457978	-5.926686041279152	34.487040389592295	6.452476078171893
1.398703816579485e10	6.9244687031782215	-5.503962675697531	34.48112811981653	6.167236213916403
1.3987039238510267e10	6.929724564154231	-5.08174513940697	34.47522420972771	5.882337207527005
1.3987039643806005e10	6.934971844164339	-4.6600499327322	34.469329190741774	5.597788399009738
1.3987039797147108e10	6.940211647471607	-4.2388429825576	34.46344228897331	5.313561444338358
1.3987039855231747e10	6.945444105277912	-3.818168355970271	34.45756353306959	5.029672123719468
1.3987039877265661e10	6.950670568355912	-3.39799596175093	34.45169147191635	4.746063784240856
1.3987039885637602e10	6.955893992122944	-2.9782469629856365	34.44582281017054	4.46258812435986
1.3987039888825033e10	6.961120950857831	-2.5587751978169417	34.43995017095793	4.178897106435813
1.3987039890042706e10	6.9663689441901635	-2.1391553651792363	34.434053896539154	3.8940472575723506
1.3987039890511074e10	6.971684114471283	-1.7182686733717185	34.428082145989976	3.605538561785727
1.3987039890694157e10	6.977194563154866	-1.2928952538362615	34.42189099405485	3.306420716420355
1.398703989076873e10	6.983287630449555	-0.8530433097150241	34.41504525275221	2.975670016693374
1.3987039890804388e10	6.9922164246440515	-0.3233189432043348	34.40501348832939	2.4909811686767758
1.3987039890819695e10	7.004849692776366	0.15518930644138199	34.390819637806345	1.8052067241358418
1.3987039890827206e10	7.020889066328775	0.4939092902603154	34.37279892705581	0.9346248380155753
1.3987039890832556e10	7.044232701232732	0.7744984090578676	34.34657166255536	-0.3312194384541286
1.3987039890836023e10	7.070156315286645	0.9663149939932708	34.317445715141076	-1.7170220601384185
1.3987039890838041e10	7.091290338030757	1.0655417441940396	34.29370101527755	-2.6891526072378564
1.3987039890839256e10	7.106006227663226	1.0979474264747162	34.2771672778629	-3.0587393780923016
1.3987039890840143e10	7.117249913623027	1.10615407520516	34.26453466400861	-3.1613094003431197
1.3987039890841152e10	7.13017620013752	1.1083744904260497	34.250011598647944	-3.1957846255566724
1.39870398908425e10	7.147511222578817	1.1081254997782664	34.23053518802706	-3.2041334536197317
1.3987039890844671e10	7.1752851940106375	1.1065669530652325	34.19933030934888	-3.203903864005911
1.3987039890849815e10	7.240729270545453	1.10258267335559	34.12580195300805	-3.1999818300301768
1.398703989085833e10	7.3477186616339605	1.0959777850746175	34.00559620652555	-3.193384693886876
1.398703989086696e10	7.4545586896359515	1.0892770539385035	33.885558273890894	-3.186691922777908
1.3987039890875683e10	7.560838934914442	1.0825038488131313	33.76614927370909	-3.1799268972046977
1.3987039890884495e10	7.66656202056775	1.0756561546101744	33.64736625885169	-3.1730876112792252
1.39870398908934e10	7.771724096123229	1.0687322995073423	33.529213555438474	-3.1661724023660724
1.3987039890902401e10	7.8763118812446935	1.0617311855915017	33.41170608431938	-3.1591801814156235
1.3987039890911499e10	7.9803289584538435	1.0546505347173907	33.29483982042646	-3.152108681066175
1.3987039890920696e10	8.083783888153068	1.047487618446531	33.17860514589236	-3.144955184770688
1.3987039890929995e10	8.186648771304872	1.0402421655695984	33.06303340611365	-3.1377194304760403
1.3987039890939398e10	8.288951757085398	1.032909893583885	32.94809297465898	-3.130397150725547
1.398703989094891e10	8.390670259573467	1.0254900099924908	32.83380922747645	-3.1229875639821856
1.3987039890958529e10	8.491806114146753	1.0179799017953803	32.720180102462365	-3.115488071286198
1.398703989096826e10	8.592355972543805	1.0103772291334632	32.60720936149326	-3.107896347130683
1.3987039890978106e10	8.6923112964781	1.002679954705367	32.49490659758456	-3.100210368836275
1.398703989098807e10	8.791681461118532	0.994884546218156	32.38326127745975	-3.0924266217180976
1.3987039890998154e10	8.890459777804507	0.9869885787273406	32.27228091601708	-3.08454269768446
1.3987039891008364e10	8.988635739133521	0.9789898394826831	32.161977318643295	-3.076556401378214
1.3987039891018702e10	9.0862078891949	0.9708852731867166	32.05235212109463	-3.068464697147186
1.398703989102917e10	9.183185361451129	0.9626707703680548	31.943395061657867	-3.060263497959185
1.3987039891039772e10	9.279542375102134	0.9543450371554834	31.83513510582023	-3.051951528964678
1.3987039891050512e10	9.375290479070914	0.9459034559749803	31.72755927802544	-3.043524198250731
1.3987039891061396e10	9.470430820563582	0.937342082600613	31.620666289359434	-3.034977587601698
1.3987039891072424e10	9.564962260467208	0.9286569713866384	31.51445741964133	-3.0263077789113324
1.3987039891083605e10	9.658869088213754	0.9198453472128821	31.408950320164223	-3.0175120241028917
1.398703989109494e10	9.752149155599787	0.9109030141471497	31.304147404497854	-3.0085861584921
1.3987039891106436e10	9.844816078928078	0.9018239858873788	31.200033374319247	-2.9995242323499056
1.3987039891118097e10	9.936863215669193	0.8926039410915007	31.09661569271273	-2.9903219600296773
1.3987039891129925e10	10.028251318680098	0.883241704717084	30.993938455000972	-2.980978198157165
1.3987039891141932e10	10.119009387197	0.8737289309450276	30.89196907968406	-2.9714846490543483
1.398703989115412e10	10.209125181476733	0.8640611419786763	30.79072131847832	-2.961836878345478
1.3987039891166494e10	10.29859803387227	0.8542323405809579	30.6901959214986	-2.952028938335445
1.3987039891179064e10	10.38743383946709	0.8442354049243527	30.590386265453418	-2.942053762636631
1.3987039891191832e10	10.475605494750198	0.8340665813945135	30.491322801931602	-2.931907649423301
1.3987039891204811e10	10.56312880939685	0.8237168411512222	30.392987768301538	-2.921581637393883
1.3987039891218002e10	10.649979612582836	0.8131813906230253	30.29540832119281	-2.9110709955307312
1.398703989123142e10	10.73617453776235	0.8024500659489401	30.198565772433795	-2.9003656401691544
1.3987039891245068e10	10.821700348403734	0.7915157774273404	30.102474993652578	-2.8894585604024132
1.3987039891258955e10	10.906544784485867	0.7803708546560914	30.00714975935378	-2.8783421722037605
1.39870398912731e10	10.99072873476231	0.7690025810388154	29.912566600397696	-2.8670038656689347
1.3987039891287502e10	11.074227829431921	0.7574035367192079	29.818752896978623	-2.8554363221617494
1.3987039891302177e10	11.157027463880079	0.7455644371999569	29.725725057816163	-2.8436303719678677
1.3987039891317135e10	11.23913500090937	0.7334720549937244	29.633474810583067	-2.83157292371544
1.3987039891332392e10	11.320554584589933	0.721112524068056	29.541997499290375	-2.819250261733817
1.3987039891347958e10	11.40127379612172	0.7084734068915898	29.45130707682918	-2.8066501083117443
1.3987039891363846e10	11.481280619956788	0.6955411923518249	29.361417043027615	-2.793759130554262
1.3987039891380081e10	11.5605977041845	0.6822953506602751	29.272301952082927	-2.7805570175932472
1.398703989139667e10	11.639173873558095	0.668726237080118	29.184019300895017	-2.7670343283242786
1.3987039891413637e10	11.717036786563886	0.6548093397241996	29.09653801434368	-2.753166828025006
1.3987039891430996e10	11.794165833167012	0.6405265873577524	29.009881248407765	-2.7389367289674533
1.3987039891448774e10	11.870566963403109	0.6258530301501296	28.924042318050198	-2.72431942254292
1.3987039891466995e10	11.94622357106013	0.6107655857969675	28.83903988083992	-2.7092921995397803
1.3987039891485687e10	12.021155389949376	0.5952310918107387	28.754851765253335	-2.6938223572703524
1.3987039891504862e10	12.095295493918204	0.5792314399345769	28.671553164807193	-2.6778922383948474
1.3987039891524578e10	12.168703058025969	0.5627181242385882	28.589077594569318	-2.661453983923183
1.3987039891544846e10	12.241318687459103	0.5456643350645909	28.50749178637423	-2.6444814156726375
1.3987039891565718e10	12.313179357052636	0.5280162913854968	28.426754197896372	-2.6269216071367447
1.3987039891587236e10	12.384258792224644	0.5097289988309591	28.34689434940381	-2.6087304993674993
1.3987039891609446e10	12.454536571340691	0.49074973066228056	28.267935185212338	-2.5898564873279897
1.3987039891632412e10	12.524038438096968	0.47100463299021256	28.189847781515056	-2.570227146027297
1.3987039891656187e10	12.59272929410826	0.45042628997939027	28.11267157238879	-2.549776694919091
1.398703989168085e10	12.660623284867082	0.4289204220042517	28.036390664950233	-2.5284129645451134
1.3987039891706486e10	12.727706545625166	0.4063850976829448	27.961020636655377	-2.50603659786461
1.39870398917332e10	12.79397748140004	0.38269443739142534	27.886563279516196	-2.4825250033143713
1.3987039891761091e10	12.859407750412503	0.35770700486414536	27.81305043635919	-2.4577408875008726
1.3987039891790316e10	12.924026589911161	0.3312259745058179	27.740449258273003	-2.4314930488562503
1.398703989182104e10	12.987815342284792	0.3030275891075949	27.668780707635307	-2.403565079421944
1.3987039891853497e10	13.050815386795662	0.2727987886012681	27.597998293616257	-2.3736543087482787
1.3987039891887928e10	13.11299071667659	0.24017442294081637	27.528142470887616	-2.3414098578698535
1.398703989192471e10	13.174388744932806	0.2046188591482166	27.45915996953707	-2.306317610734392
1.3987039891964325e10	13.235083080353231	0.16537327029523252	27.390968087912626	-2.267652199478728
1.398703989200746e10	13.295129075911728	0.12135392310468782	27.323504635308637	-2.2243844162392308
1.398703989205521e10	13.354756147107134	0.07074263408009782	27.25651185662835	-2.174795584735976
1.3987039892109444e10	13.414380250748664	0.010291110536874107	27.189522412090156	-2.1158407213460166
1.3987039892174322e10	13.475288484520402	-0.06745280516875186	27.121090209365576	-2.0405941996827304
1.3987039892270105e10	13.54641938127718	-0.19814198310518047	27.041172542346686	-1.916174265223356
1.3987039892378698e10	13.602907314354658	-0.3852488563740883	26.977706678287433	-1.7448718291304408
1.3987039892515738e10	13.643110399637678	-0.7236461212737213	26.93253732259771	-1.4616984166997549
1.3987039892741688e10	13.664346413751849	-1.4099961215715098	26.90867803266454	-0.9615851747923728
1.398703989313962e10	13.67100611217432	-2.157058085807081	26.901195664884	-0.45587917141365525
1.3987039893919739e10	13.673551302008372	-2.806311317435984	26.898336069679573	-0.022669917853517425
1.3987039895423769e10	13.674769496673564	-3.3641172735983287	26.896967393616507	0.34883249748404266
1.3987039898524054e10	13.675486122000594	-3.894216988387406	26.896162247339163	0.7018805781234693
1.3987039905031857e10	13.675936474524846	-4.411004046176958	26.89565627026721	1.0461456355016834
1.3987039918815228e10	13.676228950990822	-4.920575126544742	26.895327679790427	1.3856794850046243
1.39870399481547e10	13.676422413651164	-5.425921250894977	26.895110351731347	1.72245415672163
1.3987040010832483e10	13.676551838757932	-5.9288674224136875	26.89496500921203	2.057668408748465
1.3987040145078362e10	13.67663902617984	-6.430486873747738	26.894867202393726	2.3920250434315875
1.398704043319891e10	13.676698016223073	-6.931457509202534	26.89480124904665	2.725967371587245
1.398704105262089e10	13.676738036613918	-7.43222038839173	26.89475698089271	3.0597836872602024
1.3987042386266512e10	13.676765232035248	-7.933064081410637	26.89472792442328	3.3936626666896963
1.3987045261500496e10	13.676783729699132	-8.434180722238633	26.894710372163246	3.727730266442201
1.398705146791848e10	13.67679631721574	-8.935696486089714	26.894703202807506	4.062069958474084
1.3987064880570395e10	13.676804884255588	-9.437693286438225	26.894708646995497	4.396737644845943
1.39870938990151e10	13.676810714709365	-9.94022049321334	26.894734699389375	4.73177086867112
1.3987156748900942e10	13.676814682089432	-10.443298012672773	26.894800855626528	5.067194190058372
1.3987293017447882e10	13.676817381193082	-10.946912225313147	26.89495092484802	5.403023897473712
1.3987588777611803e10	13.676819217215822	-11.4509950785718	26.89528115731926	5.739270357167766
1.3988231363026836e10	13.676820466278754	-11.955373745274366	26.896001717686232	6.075940048822533
1.3989628903917461e10	13.676821316624656	-12.459655751029594	26.89757094083805	6.4130367259276335
1.399267144859492e10	13.676821896710585	-12.962975582458059	26.900988678061623	6.750562352755179
1.3999301930368872e10	13.676822294409481	-13.46343835474627	26.908437773693805	7.088517669695693
1.4013765849991083e10	13.676822570206955	-13.956900700753762	26.924688105479873	7.4269024729324125
1.4045349153746824e10	13.676822766438717	-14.43429976354196	26.960172661262988	7.7657161771504075
1.4114382216631794e10	13.676822914250106	-14.87579354312291	27.037733183894744	8.104957506194381
1.4265418900906502e10	13.676823040662176	-15.237900045772642	27.207427225527937	8.44462475581841
1.4596191497370543e10	13.676823184658547	-15.425238635106215	27.579059862774812	8.784714486909417
1.532126374785282e10	13.676823504543588	-15.228395829952811	28.393699630239354	9.125210691129842
1.6914996789253231e10	13.676827196453248	-14.184867519265035	30.184301709681023	9.466389953860817
1.9240515331908398e10	13.677091695280316	-12.277116969920854	32.79679342757234	9.707343903695863
2.0156090660590534e10	13.678648020540239	-11.372849587190911	33.82372082192458	9.69915084951817
2.0540036867720966e10	13.681837514036248	-10.797882885732573	34.25151225552989	9.563556327234991
2.0701449929498005e10	13.686169156764544	-10.327200477817302	34.4279978775551	9.351963697653195
2.0767157158867847e10	13.691136362862384	-9.888021518914409	34.49624109087861	9.09869459298433
2.0792819017380116e10	13.696385344177445	-9.458274546201556	34.51917556238848	8.825477030322592
2.080258399927506e10	13.701729508530633	-9.031470524717955	34.524142481697055	8.543817156645162
2.0806257348646614e10	13.707090627253674	-8.605724216275199	34.52224622289148	8.258888237454194
2.0807634036126213e10	13.71244186343338	-8.180478743504294	34.51778069983018	7.972805451360083
2.080814976628137e10	13.717776861142088	-7.755552114599944	34.51236611014181	7.6863856594102
2.0808343077416836e10	13.72309495909367	-7.330979235046732	34.50660826052015	7.400002925682046
2.080841561986516e10	13.728397960318913	-6.906783821926381	34.50073168532552	7.113803069003154
2.080844287656787e10	13.733687748194999	-6.483004206940882	34.4948190758453	6.827859497149245
2.080845313107234e10	13.738965889050746	-6.059677171377339	34.48890044966291	6.542214033973998
2.0808456994139313e10	13.744233807637855	-5.6368157057920385	34.48298612753504	6.256881107517653
2.0808458451318176e10	13.749492657191091	-5.214423619558874	34.477079291645424	5.971864549261514
2.0808459001632534e10	13.754742785236107	-4.792545830889746	34.47118123573935	5.687193602221105
2.0808459209733044e10	13.759984723481622	-4.371197139446083	34.46529199682962	5.402874332891375
2.0808459288533638e10	13.765219364853875	-3.950358625706915	34.459410810898845	5.118883636212967
2.0808459318412197e10	13.770447492394931	-3.5300344282146177	34.453536888487434	4.835197419297979
2.0808459329759033e10	13.775671672449121	-3.1101421134971363	34.44766738037222	4.551689777599539
2.080845933407555e10	13.780896188429471	-2.690624408608406	34.44179748693685	4.268137942044864
2.08084593357225e10	13.786134534971803	-2.271123597834023	34.43591205145029	3.983816516225879
2.0808459336354233e10	13.791420260725076	-1.8508467770655619	34.42997338288413	3.6969095930120393
2.080845933659954e10	13.796846262533293	-1.4274583828645182	34.42387710958363	3.4023782595538092
2.0808459336697723e10	13.802680551032193	-0.9941512551137027	34.417322113938354	3.0856767431425736
2.0808459336740623e10	13.809941400788913	-0.5222058860373952	34.40916433445207	2.6915313267737084
2.080845933676244e10	13.822190400414616	0.02948724938320413	34.3954022209721	2.026611075447996
2.080845933677117e10	13.836542899859978	0.39333882791059743	34.37927676319603	1.247547969904619
2.080845933677706e10	13.857340800156724	0.691337241289737	34.355909706851236	0.1191013668135573
2.0808459336781185e10	13.883880553534311	0.9177809029484374	34.32609150867691	-1.3121267046287064
2.0808459336783665e10	13.907900144571412	1.047962211312723	34.299104787457765	-2.5010174773404947
2.0808459336785015e10	13.923945913439614	1.0930186917016806	34.28107689137258	-3.0000772232290496
2.080845933678592e10	13.935238208473784	1.1045914418370277	34.26838966378753	-3.1408085380169903
2.0808459336786873e10	13.947410765615	1.1080676711092625	34.25471343567668	-3.1894527344876487
2.080845933678809e10	13.963050188540432	1.1083576616685507	34.23714208128084	-3.2030388130728613
2.080845933678992e10	13.986554229450386	1.1071705916553103	34.21073459588595	-3.2043801432232843
2.0808459336793682e10	14.03454042555955	1.104270295126383	34.15682068474351	-3.201666772057323
2.0808459336801804e10	14.137068667991763	1.0979684584581966	34.041627170773864	-3.195373027438163
2.0808459336810406e10	14.244080293957749	1.0912887993837188	33.921396442748375	-3.1887012647142354
2.0808459336819096e10	14.350532770109389	1.0845371549858256	33.80179393608458	-3.1819577336577685
2.0808459336827885e10	14.456430528194609	1.0777114128327936	33.68281467158093	-3.175140331051503
2.080845933683676e10	14.561753852579917	1.0708109625153337	33.56448080033559	-3.1682484542300937
2.0808459336845734e10	14.666507035256561	1.0638335894496254	33.44678750016945	-3.1612798987154074
2.0808459336854797e10	14.770704601893161	1.0567762808376566	33.32971845106593	-3.154231663317665
2.0808459336863968e10	14.874308822168919	1.049639501155896	33.21331604415107	-3.1471042201086936
2.0808459336873238e10	14.977360730692878	1.0424182367415469	33.09753417583241	-3.1398925706519334
2.0808459336882607e10	15.079841286256297	1.0351115004316824	32.98239423947351	-3.1325957383252248
2.080845933689209e10	15.181724775750302	1.0277187859856012	32.867925124506	-3.1252132272283193
2.0808459336901672e10	15.283035336191555	1.0202359009169872	32.75409971228444	-3.1177408608875403
2.0808459336911373e10	15.383757559781431	1.0126614150068225	32.6409353139218	-3.110177221962598
2.080845933692118e10	15.483884632079711	1.004993200339545	32.52843958564452	-3.102520197055352
2.080845933693111e10	15.583422147967996	0.9972280678385557	32.41660624143631	-3.094766613924891
2.0808459336941154e10	15.682376441771236	0.9893626060182082	32.30542816449932	-3.0869130791505257
2.080845933695133e10	15.780736487996146	0.9813946443168258	32.19491774229871	-3.0789574392783448
2.0808459336961628e10	15.878489297296229	0.9733220955318226	32.08508956875019	-3.0708976249607383
2.0808459336972057e10	15.975641159636762	0.9651411613266849	31.975936576892565	-3.062729859424478
2.080845933698262e10	16.07217436555105	0.956849918390103	31.867478663828734	-3.05445223903042
2.0808459336993324e10	16.168128885600495	0.9484412853128735	31.759670921466096	-3.0460577118138423
2.080845933700416e10	16.2634487071509	0.9399163767334813	31.65257628163934	-3.0375474095233033
2.080845933701515e10	16.358156541231473	0.9312692577207509	31.54616922784524	-3.028915427563426
2.0808459337026283e10	16.452256566122607	0.9224953557796284	31.44044506565959	-3.0201572232022613
2.0808459337037563e10	16.545731733478473	0.913591877859917	31.335422949402783	-3.0112700316823
2.0808459337049004e10	16.638558846997537	0.9045565312769761	31.231128940809214	-3.0022515893063906
2.080845933706061e10	16.73077409076946	0.8953809932020624	31.127522385978665	-2.993093615591698
2.0808459337072395e10	16.822358095480112	0.8860620565951186	31.024625046911098	-2.9837929385959097
2.080845933708435e10	16.913305756880135	0.876594886860985	30.92244265837806	-2.974344764290364
2.080845933709648e10	17.003601139405415	0.8669755428487623	30.820993124464877	-2.964745192872939
2.0808459337108803e10	17.093263081468777	0.857196061491858	30.720255279652775	-2.9549863138752395
2.080845933712131e10	17.18228142574109	0.8472511867741112	30.620240536002967	-2.9450629217057473
2.080845933713402e10	17.270654903303182	0.8371343335858358	30.52095031917932	-2.9349684881312634
2.0808459337146935e10	17.35836958923531	0.8268399929443795	30.42240027424603	-2.924697562628266
2.0808459337160057e10	17.445431761276307	0.8163598817080608	30.32458334797346	-2.9142419312386063
2.080845933717341e10	17.53184010800382	0.8056860698350219	30.227501013790317	-2.903593737480681
2.0808459337186985e10	17.61758400886032	0.7948112707076317	30.131165204201608	-2.8927457723182104
2.08084593372008e10	17.702624469838227	0.7837314700933349	30.035619730125546	-2.8816940966439235
2.0808459337214867e10	17.786996790042075	0.7724324677705338	29.94082493198883	-2.8704246178933195
2.080845933722919e10	17.870701171665615	0.7609037118557351	29.846780582603316	-2.8589268911703387
2.0808459337243782e10	17.953716626847093	0.7491368749460904	29.75351026245633	-2.8471926988386134
2.0808459337258656e10	18.036049501968606	0.737119034622617	29.661006841213094	-2.8352092507881514
2.0808459337273815e10	18.117673431256097	0.7248411674415526	29.569299941581704	-2.822967656051789
2.0808459337289284e10	18.198607352161368	0.712286518101212	29.47836828678672	-2.8104513274089467
2.080845933730507e10	18.27882577878793	0.6994439809667592	29.388240510984616	-2.7976493253361565
2.080845933732119e10	18.35830764326763	0.6863008916230463	29.298940284553538	-2.7845491722344096
2.0808459337337677e10	18.437147609458993	0.6728234597945035	29.210361249837007	-2.7711173554875868
2.0808459337354534e10	18.515234593211797	0.6590109709017511	29.12262821316952	-2.757353351080765
2.0808459337371777e10	18.59257244481881	0.6448420910789336	29.035736848637754	-2.7432361094542834
2.0808459337389423e10	18.669172591386637	0.6302918312061179	28.94967431754165	-2.7287409711466233
2.0808459337407497e10	18.74504815950445	0.6153321294413592	28.86442587177706	-2.7138402541635958
2.080845933742604e10	18.820171626018485	0.5999402148017758	28.780022434411222	-2.6985115905409582
2.0808459337445076e10	18.894579819403226	0.5840770027644235	28.69642262757523	-2.682716418481554
2.0808459337464622e10	18.968208063033696	0.567721388275704	28.61369911736736	-2.6664341417939195
2.0808459337484722e10	19.041074785576654	0.550830713742697	28.53183119862777	-2.649622779414171
2.0808459337505405e10	19.11315569155658	0.5333671805742093	28.45084616805005	-2.6322452795679214
2.0808459337526726e10	19.18446259783955	0.5152788306540317	28.370730749037904	-2.6142506126284535
2.080845933754873e10	19.255002247367255	0.4965075507384589	28.291477365686006	-2.595581770343241
2.0808459337571465e10	19.324740077565046	0.47699827594345484	28.213124850082096	-2.5761849521905194
2.0808459337594986e10	19.393677261224102	0.4566770082857341	28.135671884553886	-2.5559877528598403
2.0808459337619366e10	19.461789000541007	0.4354657008553048	28.05914633017281	-2.5349140287454186
2.0808459337644703e10	19.529103429584648	0.4132549855136222	27.983516577465053	-2.51285689406146
2.0808459337671085e10	19.595622071269812	0.3899237970553163	27.908780915409153	-2.489698359983374
2.080845933769863e10	19.66132841825452	0.36533334568948	27.834957890479274	-2.465303523516431
2.0808459337727463e10	19.726238385689474	0.33930132396678053	27.762029621543917	-2.4394952507119076
2.0808459337757744e10	19.790298990408903	0.31163237864204224	27.690055636744802	-2.412084794200888
2.080845933778967e10	19.85356213849069	0.2820309677421974	27.618977618081118	-2.382786074484578
2.0808459337823475e10	19.91597747995133	0.25016918284683476	27.548852135242925	-2.3512839009141056
2.0808459337859524e10	19.977626940540844	0.21553824057226953	27.479587142229576	-2.3170888169333295
2.0808459337898216e10	20.038495072806217	0.17750440948901217	27.411199994702912	-2.279595632191803
2.080845933794022e10	20.09872837191292	0.1350478639394946	27.343526101024764	-2.237832017981731
2.08084593379865e10	20.158508045314893	0.08659932869455544	27.27636186924181	-2.190311672625631
2.0808459338038506e10	20.218039627964277	0.029582114342428825	27.209476374771185	-2.1346172488900668
2.0808459338099503e10	20.278319654771842	-0.04171862077917495	27.141749981158938	-2.0654190463881177
2.0808459338180325e10	20.343729033649964	-0.14651328512702796	27.06826060874417	-1.9649543496207729
2.0808459338294033e10	20.41078109659617	-0.3266289010439082	26.992925632218686	-1.7974960231830068
2.0808459338413937e10	20.453925216281306	-0.5904475388823941	26.94445193733307	-1.5690740702352537
2.0808459338609615e10	20.48180591637501	-1.1848047002380502	26.91312714606218	-1.1190672195914362
2.0808459338940662e10	20.49113863068071	-1.9463438118103338	26.902641565780215	-0.5971519706466367
2.080845933963118e10	20.494538394171922	-2.661862463887425	26.898821831674724	-0.1189193960483314
2.0808459340898785e10	20.495951874181184	-3.231357285760026	26.897233746488638	0.26042199726836585
2.080845934349092e10	20.496760972466245	-3.7663017465355377	26.89632470354016	0.6166814082794516
2.080845934891505e10	20.497263511804825	-4.28560520882248	26.89576009181954	0.9626016488503196
2.0808459360381775e10	20.497587805254604	-4.796533873150295	26.895395751417965	1.303023242637511
2.080845938476542e10	20.49780155456913	-5.302696518239416	26.895155625131594	1.6403300887453502
2.080845943681721e10	20.497944230539755	-5.806112073407781	26.894995382940834	1.9758489530672387
2.0808459548239838e10	20.498040208600898	-6.307981207780916	26.8948876739353	2.310366408261017
2.0808459787266373e10	20.498105088933304	-6.809062104323769	26.89481504751646	2.6443784108146
2.080846030094206e10	20.498149081470554	-7.309844728848331	26.894766197730206	2.9782052468074656
2.0808461406529545e10	20.49817896642099	-7.810648205359724	26.89473386326543	3.312055520170664
2.0808463789336266e10	20.49819928980323	-8.311684370401455	26.894713706494514	3.646067962209222
2.0808468931296627e10	20.49821311859599	-8.813093323240354	26.89470394657954	3.9803349471205496
2.0808480040453907e10	20.49822253030287	-9.31496694778108	26.894705853713532	4.31491846822049
2.08085040687651e10	20.498228935765244	-9.817361470826578	26.89472565350414	4.649859615628497
2.0808556097074028e10	20.49823329461636	-10.320304308500251	26.894779211558927	4.985185854073511
2.0808668873691944e10	20.49823626018592	-10.823791054478862	26.894902587520193	5.320915126736664
2.0808913584420708e10	20.49823827750513	-11.327770047302378	26.895175260747493	5.657059015925774
2.0809445123658516e10	20.498239649818085	-11.832101355569034	26.895770918971976	5.993624809542385
2.081060086659993e10	20.498240583831205	-12.336462524615717	26.897068380965067	6.330616896347479
2.0813116381108177e10	20.498241220555247	-12.840139376328903	26.899893920571486	6.66803761915757
2.0818596988894444e10	20.49824165637185	-13.341566801918257	26.906051055929566	7.005887916670522
2.083054963970796e10	20.498241957484254	-13.837322620893747	26.919479874465907	7.34416787837261
2.0856643042705753e10	20.49824216996233	-14.31992214114929	26.948796346057208	7.682876867664275
2.0913662874507e10	20.498242327097575	-14.772982927839555	27.01285963764647	8.022013837497491
2.1038386135370155e10	20.498242456083194	-15.160612513029536	27.152989766619868	8.361577216639525
2.1311467523966972e10	20.49824258993338	-15.404097104690942	27.45980463626009	8.701564284214617
2.1909946640139385e10	20.498242828490067	-15.33065142291726	28.13221336306131	9.041965029209083
2.3222883235563137e10	20.49824440712406	-14.560536346604568	29.607334701563815	9.382737721600682
2.567194368720906e10	20.49836869453753	-12.617852335627163	32.35878694123792	9.680869080828137
2.6813881584209034e10	20.499504272913363	-11.556987102379408	33.64051210028745	9.715820477186318
2.729253941052382e10	20.502313900145086	-10.92937304980224	34.175141631361186	9.606993315741828
2.7494157729786438e10	20.506407047190987	-10.442528254590888	34.39706700672585	9.410938073477869
2.7577116768946835e10	20.51125288596715	-9.998537861010155	34.48482949857251	9.165764165634934
2.760982730319494e10	20.516453737290554	-9.56732756540985	34.51573744129317	8.896188167130823
2.76223372358273e10	20.521784757202706	-9.140003128964597	34.523803162145924	8.61597574007531
2.762705148570613e10	20.52714528261443	-8.714078503791157	34.52307705246247	8.331605528934537
2.7628819233530228e10	20.532500051787377	-8.288736074559248	34.51904692783981	8.045710227060185
2.762948141968687e10	20.5378390119252	-7.863757976822857	34.51379243390082	7.759348828397132
2.762972957644418e10	20.543160409940672	-7.439162378073224	34.50809249724378	7.472984485990214
2.762982269628552e10	20.548467175494668	-7.014858987475775	34.50223481201945	7.186723589130944
2.762985767093433e10	20.55375984670844	-6.590995420905794	34.49632763436355	6.900727211840535
2.762987082572845e10	20.55904065396135	-6.167563838678677	34.49040927096692	6.615012247881161
2.76298757797304e10	20.564310656378442	-5.744615346643723	34.484493833291054	6.329620776347973
2.7629877648048992e10	20.569571807599225	-5.3220967362804785	34.478584873338406	6.044518951595301
2.7629878353386303e10	20.57482386020864	-4.900105948575935	34.47268482930056	5.759772345842682
2.762987862003396e10	20.580067667520947	-4.47863500057388	34.46679355621498	5.475372567643128
2.7629878720979645e10	20.58530461300906	-4.057625409731262	34.460909806429555	5.191272049080448
2.762987875923442e10	20.590533951501424	-3.6371978598766237	34.45503453288009	4.907531170573735
2.762987877375832e10	20.595759347006293	-3.217160719771093	34.449163662743814	4.623965613529989
2.7629878779280415e10	20.60098388766313	-2.7974947227529117	34.44329374293491	4.340418297421668
2.762987878138491e10	20.606216817799957	-2.3780280559407734	34.43741439345948	4.056395127127794
2.762987878219065e10	20.61148457091362	-1.9581216952192992	34.43149591787849	3.770466868269513
2.7629878782502274e10	20.616860125579283	-1.5358814818430406	34.42545632351292	3.478676160647415
2.7629878782625656e10	20.62254445444796	-1.1062963391103826	34.419069811979426	3.1701165382792498
2.7629878782677773e10	20.629219232804736	-0.6510406375270621	34.411570501063835	2.807786337498306
2.7629878782704624e10	20.64054344147825	-0.08136004389432326	34.39884741758331	2.193065462885974
2.7629878782714767e10	20.653838062235998	0.3086102994918831	34.38391051780971	1.471407213939548
2.762987878272116e10	20.672700945172508	0.6205636834022674	34.36271751072607	0.447735010490785
2.7629878782725784e10	20.698732994969973	0.8712064889728554	34.33346973254564	-0.960704625920594
2.762987878272868e10	20.72472856348713	1.0281857585965664	34.30426294216275	-2.2981071961235293
2.7629878782730194e10	20.74216452021857	1.0870987626372046	34.28467312888577	-2.9310462243338558
2.7629878782731136e10	20.753885986178595	1.1028087141365788	34.27150371506039	-3.1182391735606267
2.7629878782732063e10	20.76559227938518	1.1076129173521922	34.25835134827619	-3.1820011243377957
2.7629878782733192e10	20.780097731200563	1.1084590104458734	34.24205404397915	-3.201387189925417
2.7629878782734818e10	20.800952846287057	1.1075746052386175	34.21862270511818	-3.2045562966704564
2.7629878782737812e10	20.839226107850852	1.105289534566104	34.17562156332613	-3.2026804421703767
2.7629878782745136e10	20.931853757295773	1.0996146306384325	34.071551658519894	-3.1970172731549167
2.762987878275371e10	21.038972084929025	1.0929545620010896	33.95120104800779	-3.190365046093501
2.762987878276239e10	21.145561194411123	1.0862211083054782	33.83144502975236	-3.1836396508608766
2.762987878277115e10	21.251624035845232	1.0794121813405	33.712280289223855	-3.1768390085637814
2.7629878782780006e10	21.357106916463483	1.0725293285308477	33.59376715183069	-3.169964671702026
2.762987878278895e10	21.461986964604673	1.0655721886721534	33.475931314563496	-3.1630162866953038
2.7629878782797997e10	21.566323329957946	1.0585348474508474	33.35870632099366	-3.1559879543301848
2.7629878782807137e10	21.670072875029437	1.0514181140295045	33.242140637369886	-3.1488804908492005
2.7629878782816387e10	21.773259881873507	1.044218165231714	33.126206982092555	-3.1416900865959185
2.7629878782825737e10	21.875877219334708	1.0369332171480694	33.010913367224276	-3.134414969102896
2.7629878782835186e10	21.977938712739167	1.0295598934776127	32.89624425959599	-3.127051776253773
2.762987878284475e10	22.079397991563745	1.0220991058572286	32.78225175786909	-3.1196014285474667
2.762987878285441e10	22.180255871985523	1.0145483361940455	32.66893494504373	-3.112061422009718
2.7629878782864197e10	22.28052541220097	1.0069040089104433	32.55627914984623	-3.104428197440064
2.762987878287409e10	22.38018892992203	0.9991647644529495	32.44430423885322	-3.0967004092230805
2.762987878288411e10	22.47929991867731	0.9913235346300965	32.332950110501116	-3.088871012470562
2.7629878782894253e10	22.5778054268946	0.9833814546712575	32.222276257446794	-3.0809411543646843
2.762987878290452e10	22.675731554079658	0.9753332779526998	32.11225335612224	-3.072905610820638
2.7629878782914917e10	22.77303650870794	0.9671791804128855	32.00292836055203	-3.06476457286055
2.762987878292544e10	22.869726053027858	0.9589153460947842	31.89429479666913	-3.0565142468783653
2.7629878782936104e10	22.965808687553146	0.9505375097101075	31.786343113898766	-3.0481503919735675
2.7629878782946907e10	23.061299001167892	0.942040615214798	31.679056921196462	-3.039667979262819
2.762987878295785e10	23.15614110520607	0.9334257672647441	31.57249901113144	-3.0310681313667716
2.7629878782968945e10	23.250393034973182	0.9246836100602643	31.46660417931824	-3.02234153006813
2.7629878782980198e10	23.344021366119485	0.9158128654021699	31.361409979015008	-3.013486922419664
2.7629878782991604e10	23.43701321865584	0.9068102729453078	31.256930881257432	-3.0045010784380812
2.762987878300317e10	23.529384248145156	0.8976695735219113	31.153149296567136	-2.995377776902282
2.7629878783014908e10	23.62112456965576	0.8883867094312626	31.050076330947633	-2.9861129962062
2.7629878783026817e10	23.71222319245672	0.8789575323763055	30.947724332815852	-2.9767026266040384
2.7629878783038902e10	23.802702872920268	0.8693740672478822	30.846067734711397	-2.9671387419057096
2.7629878783051167e10	23.89252336088933	0.8596346802271487	30.74515175888635	-2.9574197472136134
2.7629878783063633e10	23.981721900759656	0.8497290754896872	30.644934560151597	-2.9475354068194846
2.762987878307629e10	24.070260858480708	0.8396547789861315	30.545458421465156	-2.9374832938369795
2.7629878783089153e10	24.158137257901046	0.8294052125411849	30.446726686649782	-2.927256889697811
2.7629878783102234e10	24.2453640964132	0.8189714379437559	30.34872475272394	-2.916847325659412
2.762987878311553e10	24.33191507205632	0.8083487365090175	30.251482170734818	-2.9062499475951786
2.762987878312906e10	24.417814651058286	0.7975256981284176	30.154971452140018	-2.8954534312243965
2.7629878783142822e10	24.50305457411602	0.7864942731794388	30.059201876521257	-2.884449811121441
2.7629878783156822e10	24.58761461890284	0.7752474727670634	29.96419616425672	-2.8732321864292087
2.7629878783171062e10	24.671442262199918	0.7637823670339056	29.870013326735062	-2.8617977112658752
2.762987878318558e10	24.754599499051434	0.7520797412654098	29.776583710690176	-2.8501273066638664
2.7629878783200382e10	24.837094958127548	0.7401263642140428	29.6838976215561	-2.8382078724248365
2.7629878783215473e10	24.918904798176797	0.7279127921070158	29.591981845690754	-2.8260300963087364
2.762987878323087e10	25.000027980647108	0.715425367479872	29.50083754992491	-2.8135804769052255
2.7629878783246582e10	25.08043624159433	0.7026536532002841	29.410496489651706	-2.8008487374572244
2.7629878783262627e10	25.160153803661597	0.6895777279639648	29.320931450002973	-2.7878151631042143
2.762987878327902e10	25.239120786931657	0.6761901712971367	29.23220970783339	-2.774472518142596
2.762987878329577e10	25.31735773162022	0.6624689703597574	29.144308185628034	-2.760799043493061
2.7629878783312904e10	25.394870829750236	0.6483924654942674	29.057219926436375	-2.7467733591866987
2.762987878333044e10	25.47163806070736	0.6339421697126252	28.970969671082713	-2.7323772764298937
2.7629878783348415e10	25.547683896219205	0.6190886105351315	28.885529924861913	-2.717581697517332
2.762987878336684e10	25.623007268652678	0.6038041705577545	28.800901887288347	-2.7023594168686755
2.7629878783385746e10	25.697563410889185	0.5880675263271188	28.717135855536327	-2.6866895456670363
2.7629878783405186e10	25.771420759552793	0.5718299202586734	28.63415493904293	-2.670523938050695
2.762987878342514e10	25.844482996770445	0.5550744349596676	28.552067353780586	-2.6538462214370595
2.7629878783445675e10	25.916763600131173	0.5377562524752522	28.470857957291884	-2.6366123308182323
2.7629878783466835e10	25.988262117369693	0.519827987968152	28.39052725769696	-2.6187757563060465
2.762987878348867e10	26.058993231635345	0.5012315526630045	28.311058758049768	-2.6002794744870092
2.7629878783511227e10	26.128942588055423	0.48190828474062225	28.232468586478063	-2.5810660617903936
2.7629878783534546e10	26.19805518953256	0.46180275014948197	28.15481853384088	-2.5610815070483346
2.7629878783558716e10	26.26639064422059	0.44081521472940977	28.078041628611828	-2.540228033187671
2.76298787835838e10	26.33390817939657	0.4188609753500766	28.002183680165473	-2.5184231611526613
2.7629878783609913e10	26.4006167404239	0.3958226825245239	27.927234638108786	-2.49555244509344
2.762987878363716e10	26.46655624950846	0.37154756394630695	27.85314964865873	-2.471466919676548
2.762987878366563e10	26.531572446966894	0.3459280854155553	27.780102027148388	-2.44606333989541
2.7629878783695507e10	26.595812193972026	0.3187038407042139	27.707926770691557	-2.419088048603369
2.7629878783727e10	26.659259574905597	0.28962118464420694	27.636641760965432	-2.390295936477246
2.7629878783760307e10	26.721865952449917	0.258372848555234	27.566301643434855	-2.359391391619321
2.7629878783795742e10	26.783672900943206	0.22450609438594796	27.49685970809631	-2.325938960980076
2.762987878383375e10	26.844765250425745	0.1873792936368807	27.428220645893163	-2.2893233775727198
2.7629878783874855e10	26.905160532458943	0.14613477968394636	27.36036475960762	-2.248728002866872
2.7629878783919926e10	26.96500890523579	0.09939462324833315	27.293123342039763	-2.202846009897247
2.7629878783970276e10	27.02451613632542	0.04491379033555977	27.22626520726888	-2.149565560233899
2.7629878784028522e10	27.084436380344805	-0.021923886190414403	27.158943040250307	-2.0845723439367196
2.762987878410181e10	27.147354983882234	-0.11388533119052795	27.088252127630113	-1.9960455330344884
2.7629878784213345e10	27.219173766655953	-0.28053844238252185	27.007561600331684	-1.839572596949088
2.7629878784325607e10	27.26574504378344	-0.5060343338949626	26.9552373926538	-1.6397973496738203
2.7629878784500954e10	27.29890367957773	-1.0153362081184973	26.917982684438613	-1.2409496634781496
2.7629878784783825e10	27.31112417555307	-1.7611430469079499	26.904252595953295	-0.7219465359018348
2.7629878785387745e10	27.31547426140197	-2.5212077803332726	26.899365146467318	-0.2126875350530848
2.7629878786471474e10	27.31711845839623	-3.1051282181315223	26.89751784371154	0.17635942091892515
2.762987878866567e10	27.318028850996384	-3.645557638082202	26.89649499315172	0.5362633227746181
2.7629878793240864e10	27.318586921807576	-4.1676074980301046	26.895867989221443	0.8839929118789599
2.762987880289537e10	27.31894461275791	-4.680058898109718	26.89546612370512	1.2254121636416246
2.762987882340217e10	27.319179452918313	-5.187092211158919	26.895202296878125	1.5632870057946855
2.7629878867144447e10	27.31933583667016	-5.69100701914147	26.895026644249157	1.8991301742266615
2.7629878960726486e10	27.31944088147262	-6.193149597245983	26.89490872844661	2.233824137106701
2.7629879161390644e10	27.319511825377344	-6.6943605514759295	26.89482924632219	2.5679189132430147
2.762987959245997e10	27.31955990164093	-7.195178225639604	26.89477571553769	2.9017664171488615
2.7629880519944458e10	27.319592549460772	-7.695954659147149	26.894740076805903	3.235596752281577
2.7629882518295578e10	27.319614747445897	-8.196922903129867	26.8947173819154	3.569562445093876
2.762988682941986e10	27.319629850382793	-8.698237002412371	26.894705256994058	3.9037648252014057
2.76298961411018e10	27.319640128981057	-9.19999838817137	26.894704170639017	4.23827178715893
2.7629916276469772e10	27.319647124543394	-9.702270215789083	26.89471893360067	4.573128221030177
2.7629959864633057e10	27.319651885140992	-10.20508663171452	26.89476255751768	4.908364425866677
2.763005432351013e10	27.319655124189268	-10.708451295546585	26.89486504569257	5.244000215168805
2.763025923830595e10	27.319657327601206	-11.212325811820369	26.89509279793245	5.580048441410172
2.7630704231500916e10	27.319658826454152	-11.716596061806769	26.89559107694484	5.916517141168082
2.763167156918409e10	27.319659846404598	-12.220994362465191	26.89667676351135	6.2534113518497545
2.7633776526429157e10	27.31966054135276	-12.72492448395331	26.899040964458692	6.590733778733177
2.7638361590874626e10	27.31966101642573	-13.227078218434984	26.904191886276095	6.9284856248531
2.7648358870023724e10	27.319661343720664	-13.724594653660256	26.9154237574742	7.266667167913679
2.767017862527443e10	27.31966157319724	-14.211217528704575	26.939938640270412	7.605277989040432
2.7717848836260296e10	27.31966174050248	-14.673255618739267	26.993497344811914	7.944317048850573
2.782209769036182e10	27.31966187354572	-15.080719732667548	27.110623867430405	8.283782994746396
2.80502996703438e10	27.319662002051093	-15.367856506248225	27.36701539960748	8.623673413975148
2.8550316098681137e10	27.319662195754738	-15.390360251978448	27.928798433703633	8.963981606774938
2.9646865673411224e10	27.319663042795945	-14.831273610267612	29.16080337395877	9.30466110860831
3.20413690349938e10	27.319715868811592	-13.000626009231967	31.851039397709684	9.642035588094314
3.3448241602161087e10	27.320506008494057	-11.749935152001507	33.430814608179645	9.723025225346266
3.4035448464100327e10	27.322936567708478	-11.05797936243747	34.08782808665754	9.642171136619575
3.4282635427522736e10	27.32677850472845	-10.551157039965878	34.36123342391991	9.462607494025201
3.438524910346461e10	27.331489853819676	-10.101139446183733	34.47122958486696	9.226290065789904
3.44260990405028e10	27.336634359720787	-9.668074152893682	34.511345693209734	8.96080947619648
3.44418042361133e10	27.341946682845954	-9.240234175060206	34.52302239294775	8.682344325855942
3.444773754450567e10	27.347304961997786	-8.8140908950293	34.5236684553104	8.398622913900446
3.4449963838590004e10	27.352662257234183	-8.388666206171287	34.52015068287554	8.112969454827164
3.445079795322174e10	27.358005761354782	-7.963565577295309	34.51508425036198	7.826635268115128
3.445111046853104e10	27.36333210669375	-7.538806101406924	34.50945106397674	7.540200328394732
3.445122767409982e10	27.36864258739068	-7.114394607694522	34.50361626570637	7.2538806203293245
3.4451271678078575e10	27.37393812316962	-6.6904467727382215	34.49771601435103	6.967832087134346
3.445128822465821e10	27.379221497801147	-6.266917698463792	34.49179857720199	6.682052697336798
3.445129445466647e10	27.38449443917335	-5.84381307204461	34.48588127115116	6.396556140194797
3.4451296802983765e10	27.38975727446698	-5.421217315330613	34.47997095838335	6.111402328187861
3.445129768939996e10	27.395011403011814	-4.9991014768594315	34.47406878542213	5.826571721041201
3.445129802439034e10	27.400256964695448	-4.577518219649908	34.46817561803735	5.5420975501910235
3.445129815117114e10	27.405495428318705	-4.156402974617404	34.46229019160208	5.2579297758773755
3.445129819920979e10	27.41072732491608	-3.7357698490188556	34.456412054945105	4.974061083372689
3.445129821743379e10	27.41595268459143	-3.3157045889744494	34.450541229217635	4.690505468155631
3.445129822436114e10	27.421176299717484	-2.8960088704141542	34.44467235084929	4.407014213042305
3.445129822699975e10	27.42640533798669	-2.476564956889578	34.43879737459909	4.1232065298675495
3.445129822800878e10	27.431661586422763	-2.056806469218807	34.4328918250915	3.8379058358312688
3.445129822839773e10	27.43700108708126	-1.6353725415661795	34.426892738557655	3.5480744454362054
3.4451298228550545e10	27.442581115085417	-1.2083051393004158	34.42062341216413	3.245178195248979
3.4451298228613686e10	27.448896141089246	-0.7626985699528549	34.41352829367068	2.902377775040745
3.445129822864553e10	27.459148783304627	-0.19784440470436424	34.402009146823985	2.34582515984369
3.4451298228657684e10	27.471785573807242	0.22661186046102402	34.38781133881392	1.6598653111012172
3.445129822866462e10	27.489028281228954	0.5524584939824373	34.36843864684968	0.7240195452502259
3.445129822866965e10	27.513796362893956	0.8209793109900019	34.34061097426573	-0.6181203040494592
3.445129822867276e10	27.53909803436616	0.9928181921341042	34.31218379774626	-1.9564674561183346
3.445129822867456e10	27.55887422925234	1.0756649944039083	34.28996465766002	-2.8010819272506233
3.445129822867566e10	27.57246957043268	1.1003675774745607	34.274689889579605	-3.0880885866272023
3.4451298228676575e10	27.583848220011237	1.106904040483246	34.2619056401102	-3.1716215680926045
3.445129822867763e10	27.597391800947825	1.1084599448139245	34.246689026201494	-3.1987142573907135
3.445129822867909e10	27.616092230702055	1.1079143233020594	34.22567854006164	-3.204462665691726
3.445129822868156e10	27.64764690496749	1.1060782426412108	34.1902259298852	-3.203450581965038
3.445129822868772e10	27.725851808644176	1.1013027496127006	34.10236040668795	-3.1987034218794834
3.4451298228696266e10	27.833137796900395	1.0946590792513142	33.981821424510855	-3.192067544330484
3.4451298228704926e10	27.93986672088729	1.0879441962694052	33.861908320524236	-3.1853606640377263
3.445129822871364e10	28.046035185844257	1.0811565251939266	33.742624908839645	-3.1785812168597225
3.445129822872249e10	28.15165625329404	1.074293354203748	33.623956514458115	-3.1717265011174147
3.445129822873141e10	28.256711979166703	1.0673539037706736	33.505923298054114	-3.1647957454633038
3.445129822874041e10	28.361172153323523	1.0603382231387068	33.38855920163158	-3.157789006599612
3.445129822874954e10	28.465082701086295	1.0532411731295712	33.271812626722095	-3.150701159873495
3.445129822875875e10	28.56839893229979	1.0460636631289568	33.155733784043406	-3.1435331219198694
3.445129822876806e10	28.67114017315586	1.038802160502671	33.04030096004615	-3.1362813736196675
3.4451298228777504e10	28.773323464450293	1.031453108113775	32.92549500888097	-3.1289423720785976
3.445129822878703e10	28.874927377678073	1.0240155985229398	32.81134000613136	-3.121515221112349
3.445129822879666e10	28.97593471982712	1.0164884074596472	32.69785526862441	-3.1139987086669554
3.445129822880643e10	29.076387127995464	1.008865785733551	32.58499401587076	-3.1063871049327854
3.445129822881631e10	29.176231466553148	1.0011490217055286	32.47281594731729	-3.098681708291651
3.4451298228826294e10	29.275459988711894	0.9933359728331509	32.36132976671186	-3.0908803917903676
3.445129822883639e10	29.374089467990927	0.985422427411912	32.250516628498445	-3.0829789632989044
3.445129822884661e10	29.472144286336917	0.9774033037069929	32.14034913885669	-3.074972363119853
3.445129822885698e10	29.569600152802145	0.9692773089779373	32.030854589357915	-3.0668593157362674
3.445129822886748e10	29.666449999275837	0.9610416657172627	31.922040921266017	-3.0586370641554907
3.445129822887811e10	29.762694753401643	0.9526927727085395	31.813907092321898	-3.0503020301852457
3.4451298228888885e10	29.858325400424278	0.9442277293292183	31.70646323088775	-3.0418513363315385
3.44512982288998e10	29.953350552306738	0.9356418979154484	31.599699661158667	-3.033280372397307
3.4451298228910866e10	30.047757962819304	0.926932313007599	31.49363014213057	-3.024586199048067
3.445129822892207e10	30.141536180549927	0.9180958072003058	31.388267539813825	-3.015765676874996
3.4451298228933426e10	30.234680198836447	0.9091284453047387	31.283617479331298	-3.0068149017639962
3.445129822894495e10	30.327192245603975	0.9000253670716977	31.179677457549843	-2.997729048198511
3.445129822895664e10	30.419098535604007	0.8907789862662964	31.07641802142942	-2.988500572211944
3.44512982289685e10	30.510349206151975	0.8813891016356578	30.97389519315155	-2.9791293028807284
3.445129822898053e10	30.60096674872225	0.8718479646607796	30.872083702897072	-2.969607539190833
3.445129822899277e10	30.690967773039784	0.8621479167061459	30.770964889137105	-2.9599276731331523
3.4451298229005196e10	30.78034418897363	0.8522835174332019	30.670547841379886	-2.950084313783921
3.445129822901781e10	30.86906340519794	0.8422518123599422	30.57086917694076	-2.940074553954849
3.445129822903062e10	30.95709794761744	0.8320491838873411	30.47195976377523	-2.9298948279397123
3.445129822904365e10	31.04448102939987	0.821664588192634	30.37378228591959	-2.9195341646391086
3.445129822905687e10	31.13120697263428	0.8110908943879558	30.27634312266062	-2.9089855021882682
3.445129822907035e10	31.217272609521352	0.8003201826603414	30.179645833123942	-2.8982409969065723
3.445129822908404e10	31.302674939205442	0.7893439621835989	30.08369378885007	-2.8872922414232542
3.4451298229097984e10	31.387400801656973	0.7781544972060129	29.98850177553075	-2.8761315880562877
3.445129822911217e10	31.471442966224767	0.7667427245171089	29.894077917016403	-2.8647500722196804
3.445129822912661e10	31.554814769671992	0.7550960115798313	29.8004072290544	-2.853135178016522
3.4451298229141335e10	31.6375064341838	0.7432040302681052	29.70750069731119	-2.8412766975302572
3.445129822915636e10	31.719462857166004	0.73106248839168	29.61542023118207	-2.8291704513608775
3.4451298229171684e10	31.80074993037025	0.7186483153272454	29.52409179932991	-2.816793548132643
3.44512982291873e10	31.881334078338465	0.7059519697600655	29.433553124779138	-2.8041366009264714
3.445129822920326e10	31.96122232283417	0.6929565792989428	29.343796318368987	-2.791182929754693
3.445129822921957e10	32.04037438521481	0.6796517721932079	29.254866634351202	-2.7779223523566587
3.445129822923623e10	32.11880637126862	0.6660165374474628	29.16674597739373	-2.764334102729151
3.445129822925328e10	32.19656324411298	0.652022425284524	29.079383830097214	-2.750390029184553
3.44512982292707e10	32.273501177907484	0.6376736033606857	28.99294178505923	-2.7360945076553076
3.445129822928855e10	32.34976281127826	0.6229194833496567	28.907259583558044	-2.7213973922437544
3.445129822930688e10	32.42528457837128	0.6077449590249062	28.82240864370513	-2.7062839298703625
3.445129822932566e10	32.50002105269461	0.5921299773729076	28.73844000352372	-2.6907344819322994
3.445129822934493e10	32.57400837729083	0.5760345366284844	28.65531305522134	-2.674709599980284
3.445129822936474e10	32.64722725827467	0.5594262525233206	28.573049476058515	-2.6581774909567977
3.44512982293851e10	32.71966198374491	0.542268018096581	28.491666918818083	-2.641101741354782
3.445129822940608e10	32.791357446901266	0.5245026766360157	28.411114944655566	-2.6234260886577014
3.445129822942773e10	32.86226012597221	0.5060907020349461	28.331453686875903	-2.605111941037571
3.445129822945008e10	32.93238771746592	0.48696768316778544	28.252663262917196	-2.5860961059925667
3.44512982294732e10	33.00171580920688	0.46707144834492154	28.174771100593063	-2.566317818328546
3.4451298229497154e10	33.07026838332041	0.4463151016745422	28.097750255275315	-2.5456919894319365
3.445129822952198e10	33.13798294679887	0.42462482675268765	28.021670939692996	-2.5241468548199926
3.445129822954783e10	33.20491073524917	0.4018747378404378	27.946475589139737	-2.501559354803503
3.4451298229574776e10	33.27102101297052	0.3779437439589506	27.872198736067077	-2.4778117842212772
3.445129822960295e10	33.3363472240332	0.35266024560641335	27.798802805101587	-2.452737112008663
3.4451298229632484e10	33.4008490889988	0.32584424539228485	27.72633305136449	-2.426161099676642
3.445129822966353e10	33.464499350641326	0.29726611694029775	27.6548200991613	-2.397861879777105
3.445129822969635e10	33.52733448959863	0.2666021810819803	27.584222961411143	-2.3675267945439264
3.445129822973116e10	33.58925375454833	0.233506245558999	27.51465483520704	-2.3348244550319026
3.4451298229768486e10	33.650544323890045	0.19727851344208594	27.44579306713902	-2.299079976763395
3.445129822980876e10	33.711149054694054	0.1571710304842016	27.377701858947404	-2.2595813960667037
3.445129822985262e10	33.77099112831202	0.1121144284407283	27.310467518674415	-2.215318007892249
3.445129822990144e10	33.83057236167631	0.05991647222419194	27.243526240153443	-2.164213531886289
3.445129822995729e10	33.89028165386253	-0.003063914616695242	27.17644108376888	-2.1028642517181613
3.445129823002536e10	33.95190185181962	-0.08615058472306807	27.107208968217748	-2.0226152670896793
3.4451298230131256e10	34.02575814604905	-0.23643614880694086	27.024229236515822	-1.880366941491
3.445129823023965e10	34.07674582090097	-0.4364143015594004	26.96694307531405	-1.6998005045309514
3.445129823039887e10	34.114921609933525	-0.86650557731864	26.924051446965024	-1.3514766497482609
3.4451298230648155e10	34.13083586421481	-1.5867822812112784	26.906171311694635	-0.8402924278060292
3.4451298231158516e10	34.13626586828258	-2.364004484812375	26.90007054203423	-0.31757466634164166
3.445129823208267e10	34.13823198237855	-2.9694577465345415	26.897861555714627	0.08600334297126672
3.4451298233924904e10	34.139268639410915	-3.5168679647876484	26.8966968429352	0.45055778846256955
3.445129823774876e10	34.13989363157796	-4.042277576973333	26.895994650033828	0.8005044326285469
3.445129824580003e10	34.14029092015243	-4.5565617279729445	26.895548293615576	1.1431257171572469
3.445129826287951e10	34.140550547111175	-5.064654981840109	26.895256614226383	1.4816928440584143
3.4451298299278725e10	34.14072294820792	-5.569175532669661	26.895062957393094	1.817929962929084
3.4451298377101715e10	34.140838551157074	-6.0716574795752996	26.894933161494265	2.152843462456102
3.445129854389057e10	34.140916540170906	-6.573036700694672	26.894845725933266	2.487045864257638
3.445129890203794e10	34.14096935447865	-7.073910781347332	26.894786789872597	2.8209278592646014
3.4451299672348434e10	34.1410052051059	-7.574672910928725	26.894747376108427	3.154746477761279
3.44513013315119e10	34.141029574907684	-8.075577934302968	26.89472186003448	3.4886683915363914
3.445130490982091e10	34.14104615350986	-8.57679742415358	26.89470725381878	3.82280626239936
3.4451312636488976e10	34.14105743591714	-9.078443388422459	26.894703258837836	4.157234592596152
3.445132933992844e10	34.14106511473063	-9.580587436816526	26.89471339826676	4.492003163071087
3.445136548928638e10	34.14107034048924	-10.0832704546636	26.894748141855672	4.82714529363525
3.445144380756554e10	34.14107389620069	-10.586504019193855	26.894832139803185	5.162682976469829
3.445161366465881e10	34.14107631511455	-11.090261708262393	26.895020261553583	5.498630369505622
3.4451982434599815e10	34.14107796053602	-11.594452969647008	26.895432736813092	5.834996724734662
3.4452783878207054e10	34.141079080062205	-12.098858235279042	26.896331924600673	6.171787584878889
3.4454527417733315e10	34.141079842522934	-12.602985327509472	26.89828998619967	6.509006146821742
3.445832431082244e10	34.14108036318308	-13.105752160873822	26.902555322952395	6.846653919251296
3.446660106297302e10	34.14108072098764	-13.604791676433171	26.91185409688231	7.184731471232518
3.448466130827981e10	34.14108097044943	-14.094927589631245	26.93214503657262	7.523238404218088
3.452410859488926e10	34.14108115006788	-14.564834935746365	26.976465028435342	7.862173872166807
3.4610354429627365e10	34.141081288989724	-14.989713087830886	27.073364619526984	8.201536583836198
3.479910312139634e10	34.1410814150465	-15.315198019689305	27.28542921779561	8.541324518188599
3.521257829070586e10	34.141081579498156	-15.422006435551133	27.74998061966224	8.881532942617927
3.6119155439750275e10	34.1410820852665	-15.048190862840746	28.768546302178294	9.222132501131627
3.820748915062704e10	34.1410979171364	-13.53802655298957	31.114833228433127	9.57399558145284
4.003761244468221e10	34.14160375097661	-11.973662897452739	33.17046257973314	9.721417789905173
4.075976259780475e10	34.143631466792606	-11.197136266332555	33.97954144503936	9.672238017992422
4.106312593100472e10	34.14718831678268	-10.663661088590743	34.31638289960509	9.511639079483889
4.1189978008919044e10	34.151738880745555	-10.205575425521099	34.45379226918274	9.285816812046946
4.124099035955926e10	34.15681002269226	-9.770200914327798	34.505408576457995	9.025456041111328
4.126073730706481e10	34.162096595533995	-9.341689833017373	34.52165523525517	8.749189765816713
4.126822093775712e10	34.16744915390411	-8.915356052413463	34.524049558066764	8.46635370004192
4.1271032627584854e10	34.17280913241999	-8.489767035722414	34.52118648031799	8.180969796331508
4.127208604448273e10	34.178156440746584	-8.064594570919374	34.51636216625528	7.894727920473389
4.127248068610613e10	34.18348693729904	-7.639744873831157	34.51081658719457	7.608283564528271
4.127262864346244e10	34.18880075614223	-7.2152688099804285	34.50501258896591	7.321938648484724
4.1272684184533035e10	34.194099984760626	-6.791182351082161	34.499121150854336	7.035802812597053
4.127270506033912e10	34.19938639163221	-6.36752797470726	34.493205170904986	6.7499407580216575
4.1272712917589134e10	34.204662066834814	-5.944290864914019	34.48728662157126	6.464355227847857
4.127271587861099e10	34.20992856773728	-5.521464192776494	34.48137287877151	6.179045668411231
4.127271699539296e10	34.2151839919716	-5.0992900013155085	34.47546950889344	5.894175948105687
4.127271741741685e10	34.220431629377096	-4.677571885630233	34.4695741071603	5.609611846993857
4.127271757707566e10	34.22567164966896	-4.25635114983105	34.46368696869948	5.325376096271456
4.127271763754746e10	34.23090375547851	-3.835705969887715	34.457808610955254	5.041508040596857
4.1272717660492035e10	34.23613127014834	-3.415445886698549	34.45193536932973	4.757844215275188
4.1272717669206604e10	34.241354170731974	-2.9957261952195657	34.44606729578416	4.474398096550923
4.1272717672524445e10	34.24658004846999	-2.576304445372798	34.44019587124538	4.190766588490939
4.127271767379195e10	34.25182649460525	-2.1567095432275845	34.434301335205674	3.906001331866875
4.12727176742793e10	34.25713714459118	-1.7359198536919744	34.42833466336495	3.617738447828898
4.1272717674469604e10	34.26263481521653	-1.3108421672288018	34.42215786796922	3.319314550050896
4.12727176745469e10	34.26868698467081	-0.8720572901156535	34.41535807659719	2.9907841535840998
4.127271767458298e10	34.27715874086732	-0.3605180756791764	34.40583980788986	2.5309051926235084
4.127271767459964e10	34.29015057260437	0.14448258575709613	34.39124310055311	1.8256658644361345
4.127271767460725e10	34.306027524366954	0.485243055468398	34.37340487548252	0.9638945846774541
4.127271767461266e10	34.32915593709007	0.7675058680950823	34.34741941947257	-0.29037103537175146
4.127271767461618e10	34.35517280276073	0.962387962889527	34.318188701109904	-1.6826847359467605
4.1272717674618256e10	34.37670594975578	1.0646716380261025	34.29399557334298	-2.67965909276042
4.127271767461948e10	34.391599192113354	1.0978441352556325	34.27726257488146	-3.057496065466843
4.127271767462039e10	34.40284033828382	1.1061216346040001	34.26463281456134	-3.1608726751580014
4.127271767462139e10	34.415745036201486	1.108369568972643	34.25013400463038	-3.195655833060278
4.1272717674622734e10	34.43303165304523	1.108132676170562	34.23071197912694	-3.2041154832314502
4.127271767462489e10	34.46067933003339	1.1065839857524937	34.19964899600134	-3.203918973584124
4.127271767462999e10	34.52561585036245	1.1026311334687862	34.12669089406816	-3.200030230904548
4.12727176746385e10	34.63256732192347	1.096029370669477	34.006527751303366	-3.193436218704824
4.127271767464713e10	34.739434661772066	1.0893277409289561	33.88645913299959	-3.186742549065295
4.127271767465584e10	34.845751725506716	1.0825529933465747	33.76700876619114	-3.1799759819008235
4.127271767466468e10	34.95147036616303	1.0757063962747015	33.64823074541826	-3.17313779073788
4.127271767467358e10	35.05667398098886	1.0687806185092894	33.530031371404476	-3.166220660519608
4.127271767468258e10	35.161245590519094	1.061781408476844	33.41254207403952	-3.1592303399630177
4.127271767469168e10	35.26527317814883	1.0547008904417192	33.29566400138472	-3.152158971152401
4.1272717674700874e10	35.36871201194436	1.0475399651117048	33.17944741106956	-3.1450074619931394
4.127271767471018e10	35.47159176556708	1.0402943682096055	33.06385896388136	-3.1377715626198435
4.127271767471959e10	35.573869093245186	1.0329648725562373	32.94894736006361	-3.130452054100763
4.127271767472909e10	35.675573449295214	1.0255470126649378	32.8346795068185	-3.1230444868313727
4.12727176747387e10	35.776737644142365	1.0180358133396001	32.72101854066685	-3.115543903071668
4.127271767474846e10	35.87728681177216	1.0104342189547109	32.60804857579686	-3.1079532541145944
4.12727176747583e10	35.977179745135025	1.0027428520684447	32.49581590954884	-3.100273173019452
4.127271767476825e10	36.076557170542564	0.9949480535931856	32.38416243172949	-3.0924900331787284
4.127271767477832e10	36.175311064913956	0.9870552694237863	32.273209509488225	-3.084609285669499
4.127271767478854e10	36.27347571255446	0.9790587519963214	32.16291862337428	-3.076625205631828
4.127271767479889e10	36.37105355283197	0.9709550617065371	32.0532870326945	-3.0685343738026507
4.1272717674809364e10	36.46802911051055	0.9627421129224949	31.944332124339127	-3.060334723798356
4.127271767481998e10	36.56437629944744	0.9544186788766826	31.836083206873155	-3.0520250476843254
4.127271767483073e10	36.66012606478794	0.9459784602811963	31.72850551246782	-3.043599074613394
4.127271767484161e10	36.75524419212073	0.9374206681700462	31.62163748206629	-3.0350560362216563
4.127271767485263e10	36.84977275176749	0.9287374862180882	31.515431848406735	-3.0263881503473953
4.1272717674863815e10	36.943729575665614	0.9199228508140548	31.409868576768787	-3.01758938659225
4.1272717674875145e10	37.03706155819172	0.9109771790327528	31.305007332915267	-3.0086601852758434
4.127271767488663e10	37.12972656570209	0.9018999856873688	31.200895455208666	-2.999600087361547
4.127271767489829e10	37.22175316779956	0.892683734652306	31.09750084488158	-2.9904015980015197
4.1272717674910126e10	37.31315895280368	0.8833214962978272	30.994803740927892	-2.9810578304329116
4.127271767492212e10	37.403912199873545	0.8738110952728677	30.892839782646917	-2.971566645345155
4.12727176749343e10	37.494075198621665	0.8641401341117648	30.79153898582561	-2.9619157049194853
4.127271767494669e10	37.583558955501736	0.8543120301635705	30.691001337342897	-2.9521084566743654
4.127271767495927e10	37.67243856736156	0.844312067605177	30.591142463659054	-2.9421302563325082
4.127271767497203e10	37.76070482154042	0.8341341227806812	30.4919727154859	-2.93197503801473
4.1272717674985e10	37.84824898368036	0.8237836135738535	30.393614259069437	-2.921648254709466
4.12727176749982e10	37.93514416217827	0.8132444522201875	30.295984954981833	-2.911133906629609
4.1272717675011604e10	38.0213295099316	0.8025160134604802	30.19915316675295	-2.9004314258911448
4.1272717675025246e10	38.106848476463675	0.7915844027834593	30.103070077538433	-2.889527012588217
4.127271767503912e10	38.191712333825095	0.7804387975154093	30.007723022850115	-2.878409938602683
4.1272717675053246e10	38.27588983144004	0.7690733335340924	29.913147113643646	-2.8670744289133805
4.127271767506767e10	38.3594394548469	0.7574692208679464	29.8192766396908	-2.855501825237322
4.127271767508234e10	38.44226864754216	0.7456277808480248	29.72621559096413	-2.8436935355165507
4.127271767509728e10	38.52435190148238	0.7335409511611908	29.633992626507535	-2.8316416176974517
4.127271767511254e10	38.60581563959075	0.7211767577119391	29.54246570640069	-2.8193143006546206
4.12727176751281e10	38.686528536810115	0.7085406929373462	29.451782378260106	-2.8067171834689097
4.1272717675143974e10	38.766528827993156	0.6956117525160743	29.361899684089877	-2.793829461872354
4.127271767516023e10	38.84590292526277	0.6823586032303801	29.2727205372951	-2.780620057666552
4.127271767517682e10	38.92448646376603	0.6687903793811937	29.184429606678606	-2.7670982471932155
4.127271767519378e10	39.00240597671489	0.6548654671014044	29.09688472841779	-2.7532227524540493
4.127271767521114e10	39.07952804657974	0.6405860833293181	29.010235801049276	-2.7389960013754444
4.127271767522892e10	39.155875118587964	0.6259253456307469	28.92445760671515	-2.7243914552835053
4.1272717675247116e10	39.23151276191004	0.6108445709917135	28.839476476497367	-2.7093708629768125
4.1272717675265785e10	39.30637340432646	0.5953283039038372	28.75536832977494	-2.693919156169259
4.127271767528494e10	39.3804949097452	0.5793367951094258	28.67209062534792	-2.677997125607626
4.127271767530465e10	39.45385871132955	0.5628380808345478	28.589664223612345	-2.6615733827681716
4.127271767532492e10	39.52653687037581	0.5457746596482659	28.508008161531762	-2.6445912022964926
4.1272717675345795e10	39.5984172665044	0.5281268047375298	28.427248409724854	-2.6270315542122584
4.1272717675367294e10	39.6694902742844	0.5098465762416045	28.34739578259294	-2.608847442299388
4.127271767538952e10	39.73979591184652	0.4908655658604581	28.268405318610604	-2.589971662648324
4.12727176754125e10	39.809337336365545	0.47111509694117	28.19027347060299	-2.570336943865412
4.127271767543627e10	39.878020207743766	0.45054538038520264	28.113106232443243	-2.5498950229210027
4.127271767546095e10	39.94595369758786	0.42903364836271723	28.03678094661271	-2.528525418759466
4.127271767548657e10	40.013041705358276	0.4065037278458554	27.961405584909954	-2.5061543630145775
4.127271767551328e10	40.07935447553548	0.3828054694050021	27.88690122558299	-2.4826351659216446
4.127271767554117e10	40.14481294576668	0.35781472453294166	27.813356697524142	-2.457847696953722
4.127271767557043e10	40.209512912567845	0.33130736663602417	27.740664370504675	-2.4315736945233013
4.127271767560116e10	40.273333565579755	0.30310097031320477	27.668959978561617	-2.403637725287808
4.12727176756336e10	40.336314544842935	0.27288826255481663	27.59819898491085	-2.3737427951480767
4.127271767566803e10	40.3984818232232	0.24027710506889377	27.52835220829118	-2.3415112795380595
4.127271767570485e10	40.45997258981311	0.20467618894893447	27.4592655126701	-2.3063741482984383
4.127271767574442e10	40.52059044129049	0.16549018012108702	27.39115956302092	-2.267767262687669
4.1272717675787605e10	40.58071684965497	0.12142456795211082	27.32360576425097	-2.224453759426155
4.127271767583531e10	40.64029681418108	0.07086883825658313	27.256665911293823	-2.174918999775223
4.127271767588951e10	40.69990165656531	0.010466479445919587	27.189698107359874	-2.1160112443621304
4.1272717675954315e10	40.76076187981591	-0.06715364622764833	27.12131984588021	-2.0408822680487
4.127271767605242e10	40.83341720050594	-0.2012799518472274	27.039689443468234	-1.9132274705188195
4.1272717676160995e10	40.88943275606701	-0.3893957812691047	26.976754309530662	-1.7411884754788742
4.127271767630113e10	40.9297481189633	-0.738915362327229	26.931458806620213	-1.449691368477838
4.127271767653662e10	40.95057125974714	-1.449111457645788	26.90806339209783	-0.9346055171612203
4.127271767697626e10	40.95704645761362	-2.2267637322374307	26.900788316198742	-0.4092566492101177
4.12727176777966e10	40.959371215962776	-2.8584869900776857	26.898176382326056	0.012087816459764648
4.127271767939989e10	40.960527372624554	-3.4127074665182935	26.8968774079124	0.38119104483449406
4.127271768271266e10	40.961213258413856	-3.941212055161324	26.896106798654074	0.7331834295786374
4.127271768967363e10	40.96164596450671	-4.457153761358429	26.895620648379264	1.0768929549426167
4.127271770442345e10	40.96192755704131	-4.96620196211016	26.89530428739934	1.4160842795868027
4.127271773583446e10	40.9621140761875	-5.471281048998841	26.895094762921218	1.7526851349935315
4.127271780295492e10	40.96223894969121	-5.974072517232795	26.894954539261818	2.0877991196467818
4.127271794674497e10	40.962323110991434	-6.475609753473926	26.89486014309776	2.422102889254885
4.127271825539901e10	40.962380070628846	-6.976544719963056	26.89479649404646	2.756022763004484
4.127271891906162e10	40.96241872088416	-7.477305542610461	26.894753814974393	3.089838624854019
4.127272034813649e10	40.962444988054145	-7.978167021038262	26.894725908650145	3.4237301262881945
4.127272342945886e10	40.962462855381816	-8.479314916405492	26.89470929613279	3.757819106271094
4.127273008144309e10	40.96247501426144	-8.980870785664576	26.8947031089713	4.092186103896962
4.1272744458498764e10	40.96248328960776	-9.48291409733985	26.894709964414943	4.42688561499124
4.1272775566493645e10	40.96248892147716	-9.985490348062765	26.894738587610192	4.7619530234187835
4.12728429485904e10	40.96249275366385	-10.488617525488259	26.89480998780462	5.097412486676073
4.127298905748585e10	40.96249536074835	-10.99227782725336	26.894971216338746	5.433279382077464
4.127330620492363e10	40.962497134170164	-11.49639661299209	26.895325548373222	5.769563751834287
4.127399532109443e10	40.96249834068324	-12.000787356223706	26.896098435231835	6.106271794650224
4.127549419695179e10	40.96249916215441	-12.505028238291109	26.897781543660386	6.44340700229263
4.127875765028872e10	40.96249972270732	-13.00819041855433	26.90144750024163	6.780971262651347
4.1285870187344345e10	40.96250010728021	-13.508240698999762	26.909438213996765	7.118965213468753
4.130138706921979e10	40.96250037439201	-14.000733513897867	26.926871589786316	7.457388715275964
4.1335272623301e10	40.96250056510606	-14.475943662144367	26.96494279812876	7.796240968376984
4.140934438176486e10	40.962500709875385	-14.912577923878837	27.04816444774886	8.135520747139823
4.157141940866282e10	40.962500835843734	-15.263969594670781	27.230260394405633	8.475226214081102
4.192639686027638e10	40.96250098510915	-15.427743534278324	27.629087896676793	8.815353618442952
4.270458765396126e10	40.96250134940162	-15.179113822528041	28.503407869205404	9.155883596569618
4.4419626653167366e10	40.96250672311764	-14.018057274435252	30.43029889188736	9.49763008236219
4.664177135224373e10	40.96283842340168	-12.173444870643573	32.92657153507142	9.713378392015455
4.7490200609489975e10	40.96454544407071	-11.314276142016054	33.87788902069704	9.691468485830056
4.784615745964089e10	40.9678576848405	-10.754091584846497	34.27409567338444	9.54743926498591
4.799558005704465e10	40.97226313392023	-10.287974829796758	34.43702673030319	9.331041506872943
4.8056179112271286e10	40.977266073784406	-9.850180964244888	34.499490610877984	9.075349221339577
4.807977927763175e10	40.982529116500146	-9.420816150073247	34.520092910738896	8.801035965327344
4.80887455908213e10	40.98787689796739	-8.99414350937867	34.52415843819588	8.518941719480136
4.809211626565225e10	40.99323694664548	-8.568520631791342	34.52192331780796	8.23389886652041
4.809337949716413e10	40.99858562814587	-8.143405442318976	34.5173331938652	7.947830784520682
4.809385291453301e10	41.00391923266731	-7.718499285875273	34.511872629788996	7.661398018614195
4.8094030360994484e10	41.00923521469631	-7.2940155829283295	34.50609933304921	7.375065790189349
4.80940969731076e10	41.01453723328295	-6.869835628757207	34.500217198970205	7.088873017976028
4.809412200467795e10	41.01982669527883	-6.446034256846919	34.49430245562078	6.802913699027151
4.8094131420696014e10	41.025103567880635	-6.022773450448683	34.48838431230368	6.517312650175271
4.809413496865671e10	41.03037070413496	-5.599948782621277	34.48247051511251	6.232004511764087
4.809413630679562e10	41.03562676356743	-5.177761981655265	34.47656668026437	5.947126422993104
4.809413681243284e10	41.04087476391748	-4.756041855313364	34.47067096469371	5.6625616102370735
4.8094137003723145e10	41.046115232013115	-4.3348026059942715	34.46478335865075	5.378315382103235
4.809413707618175e10	41.05134900137631	-3.91403032322144	34.45890314531542	5.094367125293477
4.80941371036611e10	41.056576609081986	-3.493751593883719	34.45302980426757	4.810705572737149
4.809413711409836e10	41.0618005553574	-3.073897779141247	34.447160557779426	4.527208037624018
4.8094137118069534e10	41.067025257090464	-2.654424116443746	34.44129045525304	4.243644240933731
4.80941371195853e10	41.072265478654074	-2.234932844396701	34.43540291298385	3.9592196739732244
4.809413712016711e10	41.07755727061381	-1.8145957566434425	34.429457428800816	3.6719824786020054
4.8094137120393486e10	41.083004446938745	-1.3906726231480806	34.423337365283516	3.3763010254283916
4.809413712048445e10	41.08889951390083	-0.955875480254007	34.41671408322989	3.0562997410124955
4.809413712052481e10	41.09643287996729	-0.4758249635784093	34.40825012360554	2.647360785401093
4.809413712054508e10	41.10901516943181	0.06714210603016377	34.394113549119794	1.964349408105366
4.809413712055339e10	41.123816446608764	0.42304125838335654	34.37748387628497	1.1609360125435964
4.809413712055914e10	41.145350749596325	0.7161237387185083	34.35328944973415	-0.007327937893906772
4.809413712056308e10	41.17183401874656	0.9327867842557485	34.32353471325885	-1.432891571994357
4.809413712056541e10	41.19502996104827	1.053623284763631	34.29747338574933	-2.560775133785383
4.80941371205667e10	41.21071660935786	1.094725442942117	34.27984897224931	-3.0202499963958505
4.809413712056762e10	41.22195468532784	1.1051314964986385	34.26722266138066	-3.1477910182045714
4.809413712056859e10	41.23433573657196	1.1081870979367945	34.25331218398904	-3.1916687259343646
4.809413712056983e10	41.250452442872025	1.1082984751757092	34.235204587604386	-3.2034643386591117
4.8094137120571754e10	41.275118255059716	1.1070005131937513	34.207491817790725	-3.204262125695792
4.809413712057588e10	41.32781817289817	1.1038064261654417	34.14828190081724	-3.2012038800986695
4.80941371205842e10	41.432628854895604	1.0973560224720984	34.03052399845299	-3.1947613101020904
4.8094137120592804e10	41.539603535914935	1.0906688877256545	33.91033477917634	-3.1880820924316033
4.80941371206015e10	41.646012009345746	1.0839100247412008	33.790781710872835	-3.1813313638378284
4.809413712061031e10	41.75186351737031	1.077077021899248	33.67185440968868	-3.1745067222935015
4.809413712061917e10	41.857107424652014	1.0701713159049668	33.553609765914445	-3.1676096097066386
4.8094137120628174e10	41.96183156497267	1.063185174634106	33.43594909567881	-3.1606323110010877
4.809413712063726e10	42.065972918209525	1.056120710999019	33.31894320399559	-3.1535769443068897
4.8094137120646416e10	42.16952752297351	1.0489761290317339	33.20259654158261	-3.1464417241562166
4.809413712065572e10	42.27256872660182	1.041744090928639	33.0868267005292	-3.139219331184311
4.809413712066511e10	42.3749830966376	1.0344302566819423	32.97176112557034	-3.131915427076261
4.809413712067457e10	42.476777357656	1.027031944009011	32.85739226143167	-3.124527342685516
4.809413712068418e10	42.578022026838006	1.019541578328803	32.743640879992455	-3.117047524183466
4.80941371206939e10	42.678721689900485	1.0119561096752225	32.63050182905252	-3.109472937012927
4.809413712070371e10	42.77877549266231	1.0042804991956171	32.51808842126164	-3.101808546721299
4.8094137120713646e10	42.87828010148296	0.996504578753195	32.4062920491281	-3.094044212251969
4.809413712072372e10	42.97711839395847	0.9886346676789046	32.29524430309655	-3.086186256438657
4.809413712073391e10	43.0754272008414	0.9806568530877852	32.18479144982237	-3.07822080134979
4.809413712074422e10	43.17312336811085	0.9725745947512042	32.07502691527159	-3.070151316329842
4.8094137120754654e10	43.2702440443086	0.9643814758820752	31.96590896196838	-3.061971410479738
4.809413712076522e10	43.366764672307355	0.9560760244377333	31.857465180562286	-3.0536796310003775
4.8094137120775925e10	43.462655870821166	0.9476571829363616	31.749728581818346	-3.045274939945086
4.809413712078677e10	43.55788330611556	0.9391243666064902	31.642737740688318	-3.036756772258857
4.8094137120797775e10	43.65255145471194	0.9304642269898944	31.536375274708263	-3.028111822799429
4.809413712080893e10	43.74661205824871	0.9216768159046276	31.43069540357945	-3.0193401654760494
4.809413712082023e10	43.84004085909123	0.9127600115635198	31.32572538147477	-3.0104397057250396
4.8094137120831696e10	43.932831755321246	0.9037098571924038	31.22147206407797	-3.0014065190354215
4.809413712084334e10	44.02500994521975	0.8945190350946524	31.11790714036877	-2.9922333284545366
4.809413712085514e10	44.11654393246701	0.8851855656667172	31.015065997403582	-2.9829181872734045
4.809413712086713e10	44.207451244375996	0.8757022853494126	30.912928942723084	-2.9734539773159288
4.809413712087927e10	44.29774419348405	0.8660620988098359	30.811482142825554	-2.963833651603068
4.809413712089158e10	44.38729255562653	0.8562731930069539	30.710871908407427	-2.954065416141836
4.809413712090412e10	44.47621370481559	0.8463167087778778	30.610966366316717	-2.944130490423831
4.809413712091685e10	44.5644954435274	0.8361871705945279	30.511779220797763	-2.9340234538878547
4.809413712092977e10	44.652139121341726	0.8258771760473661	30.41330895559193	-2.923736967403732
4.809413712094291e10	44.73907173302133	0.8153879040214563	30.315637594206493	-2.9132722574374164
4.809413712095627e10	44.825414264741546	0.8046966042423227	30.218629205127655	-2.9026066824813896
4.809413712096988e10	44.91109319365552	0.7938034261983811	30.12236639345909	-2.8917404529877535
4.809413712098371e10	44.996130697053765	0.7826962027656652	30.02682424231287	-2.8806614986073833
4.809413712099781e10	45.080444839883874	0.7713759259355504	29.9320948081743	-2.8693708811897296
4.809413712101216e10	45.164122824817376	0.7598204023531163	29.83808011624322	-2.857846545431818
4.809413712102677e10	45.247056746040755	0.7480333710059142	29.744901401915996	-2.84609230802115
4.809413712104169e10	45.32934291321822	0.7359891503397582	29.652450458424283	-2.8340826559360224
4.809413712105688e10	45.41089215044177	0.7236877841783745	29.560827477545246	-2.8218177406888714
4.809413712107238e10	45.49172735350288	0.7111121711675148	29.470006735159842	-2.809280630213345
4.809413712108821e10	45.571861550801714	0.6982451928157566	29.37997359350382	-2.7964543916828966
4.809413712110435e10	45.65125876489748	0.6850763716786186	29.290768474283396	-2.783328729443877
4.8094137121120834e10	45.729938634894914	0.6715848310302516	29.202369312371303	-2.7698830017903435
4.809413712113771e10	45.80794485052832	0.6577432159137038	29.114727021079744	-2.7560901367139286
4.809413712115497e10	45.88516042040307	0.6435511706400432	29.027973043689855	-2.7419499923861474
4.809413712117263e10	45.96166640530022	0.6289708670977497	28.942016306021543	-2.7274251195957198
4.809413712119076e10	46.03745167407615	0.6139783387747805	28.856869314230863	-2.712491920741929
4.809413712120936e10	46.112546343294106	0.5985384296571856	28.772498231484207	-2.697115699233859
4.8094137121228424e10	46.1868511100925	0.582639887259858	28.6890146274757	-2.68128561496677
4.809413712124801e10	46.26035154840116	0.566251872224151	28.606434710332252	-2.6649713790252063
4.809413712126816e10	46.33310673378228	0.549322451462897	28.524692106891308	-2.648121782639412
4.809413712128889e10	46.40509662769428	0.5318119231067072	28.443809331075755	-2.6306978905202945
4.809413712131027e10	46.476381067406614	0.5136546167029069	28.363719153910353	-2.6126350477073204
4.8094137121332344e10	46.54685727451671	0.4948191155721712	28.284537049993816	-2.5939028208994266
4.809413712135515e10	46.61656270646786	0.475230411167165	28.20622093477985	-2.574427593271603
4.8094137121378746e10	46.68541370050059	0.45483782124659317	28.12886480584828	-2.554160160333515
4.809413712140322e10	46.75345146366222	0.433543526127402	28.05242236586608	-2.5330047503057536
4.809413712142864e10	46.82074742692681	0.41122116363988565	27.976813360009402	-2.510837647996042
4.809413712145509e10	46.88717022919314	0.3877924293101667	27.90218537637091	-2.4875833761887103
4.809413712148272e10	46.95277234179531	0.36309462591460145	27.82847946186783	-2.4630833503726466
4.8094137121511665e10	47.01757429886841	0.3369411980432995	27.755672545762792	-2.437156313621943
4.8094137121542015e10	47.08146397435199	0.3091601527870222	27.683890605019116	-2.4096367747301026
4.809413712157408e10	47.144619276987385	0.2793960245817639	27.612933753910767	-2.380179486780397
4.80941371216081e10	47.20702282566275	0.24728835063204785	27.54282152060594	-2.3484374583450864
4.80941371216444e10	47.26866914648379	0.21235273420025214	27.47356005521695	-2.3139459785161964
4.809413712168334e10	47.32945826290577	0.17398937607915377	27.40526168432669	-2.2761341846623355
4.8094137121725655e10	47.389603053687445	0.1311136661468462	27.3376872323727	-2.233967378108094
4.809413712177232e10	47.44931323906949	0.08207930836724657	27.27060107243713	-2.1858867555971835
4.8094137121824974e10	47.50889140878587	0.024088219014690264	27.20366323601891	-2.129266122491109
4.809413712188705e10	47.569355487279005	-0.04898185299635616	27.135730054892775	-2.058403519798565
4.809413712197163e10	47.63622394917001	-0.16013099871002895	27.060601359540016	-1.952035896158265
4.809413712208616e10	47.70130857373777	-0.3461296515874021	26.987476858260635	-1.7798759815016407
4.809413712221028e10	47.743224958295535	-0.6298826914794017	26.94038256011234	-1.5367681143070782
4.8094137122427895e10	47.769600165287095	-1.2940754335637334	26.910749234907854	-1.0421371230929732
4.809413712279686e10	47.77755588048252	-2.0611058485483307	26.90181075391709	-0.5201380480711879
4.8094137123540184e10	47.7804686515106	-2.743768839770478	26.898538170318062	-0.06433875832015327
4.8094137124935234e10	47.7817668426582	-3.3062784756499712	26.89707961571665	0.31031514453850056
4.8094137127801765e10	47.782522156399985	-3.8383968027481	26.896231001600682	0.6647003609012618
4.809413713381089e10	47.78299449670994	-4.356228289577857	26.895700320049656	1.009652011965491
4.809413714652741e10	47.783300428385544	-4.8663479469554956	26.895356611036988	1.3495441850437582
4.809413717358558e10	47.78350250113999	-5.372043032231084	26.895129606725533	1.6865463079889333
4.809413723137085e10	47.78363755612746	-5.87518570397	26.894977933364572	2.021888022086223
4.8094137355106926e10	47.78372848166674	-6.376908313768088	26.894875914856385	2.3563110301738095
4.809413762062014e10	47.78378997821708	-6.877925947845854	26.8948071199641	2.6902830578556
4.8094138191341934e10	47.7838316893021	-7.378695716645043	26.894760897551606	3.0241028389190423
4.809413941994977e10	47.78386002972402	-7.87952056815822	26.894730436631363	3.357968445330555
4.809414206836675e10	47.78387930474321	-8.3806011050626	26.89471175614861	3.6920113228862883
4.809414778444933e10	47.78389242081343	-8.882069572564323	26.894703442050087	4.0263188212688865
4.809416013593141e10	47.783901347537345	-9.384011991535228	26.894707289860236	4.3609493290307695
4.8094186855383675e10	47.783907422853524	-9.886481106828384	26.894730484165194	4.695942170210686
4.8094244719315186e10	47.78391155693528	-10.389499639641878	26.89479085123574	5.031322814900407
4.8094370163415344e10	47.78391436950733	-10.893058452859036	26.894928631395743	5.367108473272756
4.809464239984228e10	47.7839162827281	-11.397096988125968	26.89523234750348	5.703310033092349
4.80952338113179e10	47.78391758426813	-11.901457370944415	26.895895353483212	6.039934208087677
4.8096519916099174e10	47.783918470232884	-12.405779521134598	26.89733933485084	6.376985125728922
4.809931955496646e10	47.78391907442411	-12.9092675415881	26.90048413312732	6.7144648307361585
4.810542003024501e10	47.783919488336366	-13.41017861385674	26.90733773256332	7.052374186712227
4.811872636852822e10	47.78391977488632	-13.904701889270834	26.92228747539164	7.39071315807658
4.814777890851427e10	47.783919977991516	-14.38450196028514	26.954928635482503	7.729481039699964
4.8211273695429596e10	47.783920129688724	-14.831332005193866	27.026266736816325	8.068676727984093
4.835017875454116e10	47.783920256989845	-15.205209511157157	27.18233053762495	8.408298595314331
4.865435154131969e10	47.78392039587842	-15.418439181156115	27.524077507391922	8.748343472882908
4.932105261526566e10	47.78392067442669	-15.278498087273524	28.2731355773806	9.0887984588529
5.078457199991728e10	47.78392315251232	-14.361632717037045	29.917440124461137	9.429704733852374
5.321083071710803e10	47.78412587109036	-12.398027629373788	32.64318582108652	9.699003095544196
5.4205846320708855e10	47.78552009112106	-11.439520445510782	33.75954884481442	9.706438707662626
5.462294726744695e10	47.78857055932622	-10.846567072130627	34.224746808374476	9.580513670160691
5.479850799713456e10	47.7928167927055	-10.370336588578681	34.417223713842105	9.374482225032333
5.487026017611325e10	47.79774097505301	-9.929539981963186	34.49230694535916	9.124095464767883
5.489838261948865e10	47.8029734911872	-9.499281533801854	34.51802445587353	8.852148463124566
5.490910092342025e10	47.80831202868096	-9.07240044613756	34.52406878264563	8.571061094834514
5.491313717468799e10	47.81367384051813	-8.646535421827329	34.52257947612205	8.286288681291277
5.491464953148174e10	47.8190246870349	-8.221395734327913	34.51826681935316	8.00036493750054
5.49152163660891e10	47.824361245663354	-7.796444786726016	34.51290789328894	7.713961165995106
5.491542883974412e10	47.82968176463986	-7.371768230422996	34.50716885322734	7.427520207263434
5.491550854697288e10	47.83498652659015	-6.947503298146122	34.50129834965017	7.1412775229020635
5.491553848577665e10	47.84027667828023	-6.523748700380844	34.49538834483363	6.855352144344839
5.491554975152209e10	47.84555652447481	-6.10032511476226	34.48946893881774	6.569641881087609
5.491555399363405e10	47.85082421311812	-5.677511611074425	34.48355530089728	6.284341373712387
5.491555559411575e10	47.856083725258785	-5.255087767837124	34.477647881577724	5.999303433663076
5.491555619854706e10	47.86133518329189	-4.833118388045614	34.471748392193405	5.714570931056681
5.491555642704861e10	47.86657791185833	-4.411716332371203	34.46585828824871	5.4302164679253595
5.491555651356255e10	47.87181326452543	-3.9908255090916644	34.45997631183971	5.146192763677985
5.491555654636671e10	47.877043475996985	-3.5703306995929425	34.45410005135753	4.862397527224898
5.491555655881728e10	47.882268154003626	-3.1503788034385836	34.448229985021754	4.578865811462502
5.491555656355256e10	47.88749257028877	-2.7308095029356267	34.44236020404904	4.295321534312077
5.491555656535842e10	47.892728317214036	-2.311354657340964	34.43647768949566	4.0111427740558225
5.49155565660507e10	47.898007122962554	-1.8911984497691454	34.430546795826814	3.72461261043886
5.491555656631904e10	47.903412519860574	-1.4682844329492006	34.42447367277171	3.4312005805804042
5.491555656642598e10	47.909184714295435	-1.0365509447805326	34.417988441667404	3.117870319157611
5.491555656647203e10	47.91619195925547	-0.5719861536598968	34.410115594671225	2.7374919089141736
5.491555656649568e10	47.92811673702948	-0.011014547928819453	34.39671775404102	2.0901707772565663
5.491555656650488e10	47.94203876260582	0.3618885600075264	34.38107594638248	1.3344661542333733
5.491555656651094e10	47.96208693934504	0.6650392597629288	34.358551226652054	0.24659368038853766
5.491555656651524e10	47.98854966704893	0.9011418785283715	34.3288195690923	-1.1826144134861247
5.4915556566517876e10	48.01324507517909	1.0407417432841704	34.30107354736654	-2.425897001975482
5.491555656651928e10	48.02978321456822	1.090857225467762	34.28249245844316	-2.97471387576238
5.49155565665202e10	48.041189954723656	1.1039186908329897	34.26967664837255	-3.132217299439236
5.491555656652114e10	48.05315370794205	1.1079052587414484	34.25623501766066	-3.186662094601748
5.491555656652232e10	48.068301391111895	1.1084101449266477	34.23921614742838	-3.2024554074443117
5.491555656652407e10	48.090637884681634	1.1073460727602076	34.214120436009836	-3.2044794892714275
5.491555656652747e10	48.13414286946401	1.1047271889451746	34.16524129839061	-3.2021221077648
5.4915556566535324e10	48.23324293655388	1.0986443454150816	34.0538994408428	-3.196048122526335
5.491555656654391e10	48.34028572782555	1.0919735306556941	33.93363369767147	-3.1893851806002895
5.4915556566552605e10	48.44679655332716	1.0852292293524037	33.813965633789195	-3.1826489702030396
5.4915556566561386e10	48.552705898108705	1.0784140511720488	33.69497335128224	-3.175842104483721
5.491555656657024e10	48.658075579435625	1.0715221648564746	33.57658739664592	-3.168958766228771
5.49155565665792e10	48.76289924338893	1.0645519672452637	33.45881490867876	-3.161997361698685
5.491555656658824e10	48.867171234648204	1.057501750733886	33.341662241307205	-3.154956193261179
5.49155565665974e10	48.970813764561186	1.0503747474532672	33.22521679238824	-3.1478384969693374
5.491555656660667e10	49.07386910473004	1.0431659994602565	33.10943106851599	-3.1406393298059085
5.491555656661601e10	49.17637377095777	1.0358706704834912	32.994264043112054	-3.1333538710485302
5.491555656662547e10	49.27833295067365	1.0284859305721983	32.879709887937935	-3.125979304354672
5.491555656663506e10	49.37972380452586	1.0210108964304492	32.76579426368815	-3.118514757959394
5.4915556566644745e10	49.48053038080255	1.0134441680607642	32.652535092588806	-3.110958844665014
5.491555656665453e10	49.58072778350997	1.0057850041985037	32.53996034601121	-3.103310835645357
5.491555656666445e10	49.680332079106044	0.9980294642318752	32.428051972835675	-3.095566808080204
5.491555656667451e10	49.77933120693952	0.9901756391733824	32.31682352354372	-3.0877248686420566
5.491555656668467e10	49.87770864674876	0.9822219206375296	32.20629355913232	-3.079783424924528
5.4915556566694954e10	49.975474741356685	0.9741644268531392	32.096450459147746	-3.07173861554045
5.491555656670535e10	50.07267800169059	0.965995821349335	31.987239720119106	-3.063583131154606
5.49155565667159e10	50.16935064519016	0.9577096864013861	31.87862514480483	-3.055310581332349
5.491555656672658e10	50.265305864725974	0.9493185352912797	31.77081661654782	-3.046933476306453
5.491555656673741e10	50.360738536533354	0.9408016175143713	31.663595186125605	-3.0384311190526323
5.491555656674839e10	50.4555221114188	0.9321661393113938	31.557103035288748	-3.029810723870194
5.4915556566759514e10	50.54972183925265	0.923402017999644	31.45126685389667	-3.0210622472563973
5.491555656677078e10	50.64322934696841	0.9145151053688092	31.346208402284248	-3.0121915534419035
5.49155565667822e10	50.73609290428842	0.9054965320758407	31.241873448002735	-3.0031898135065083
5.491555656679377e10	50.82832401145985	0.8963404693059233	31.13824907017377	-2.9940512359446223
5.491555656680554e10	50.919995851469125	0.8870343820350882	31.03525304555049	-2.984763338724988
5.491555656681749e10	51.011022803576495	0.8775814244824183	30.9329815715694	-2.9753293011777546
5.491555656682961e10	51.10139483420946	0.8679771084637965	30.831445921235428	-2.965744677216575
5.491555656684189e10	51.191123714767954	0.8582143074104895	30.73063286904042	-2.956002390723713
5.491555656685437e10	51.28023093563903	0.8482843082379397	30.630518269900932	-2.9460937860671037
5.491555656686704e10	51.36864474691695	0.8381885319888442	30.53118273695989	-2.936020323267032
5.4915556566879944e10	51.45640661817589	0.8279153653707819	30.432579677909672	-2.9257704601235677
5.491555656689304e10	51.54350242785286	0.817459006491204	30.334724958761655	-2.9153384576705226
5.4915556566906364e10	51.629988406046685	0.8068045382075547	30.237555403329026	-2.904709488354477
5.49155565669199e10	51.71575806198208	0.7959565916011639	30.141190657145927	-2.8938882315385173
5.49155565669337e10	51.80094477308689	0.7848890477353133	30.045480866735744	-2.882848698090286
5.491555656694775e10	51.885409099674156	0.7736101363831951	29.9505826966936	-2.8715991688284372
5.4915556566962036e10	51.96920854957745	0.7621019941920736	29.856431535271696	-2.8601219049135107
5.49155565669766e10	52.052323574735674	0.7503561155235347	29.763049345326436	-2.8484085101947834
5.491555656699144e10	52.13471500463335	0.7383663252643451	29.670480136054977	-2.836452921481399
5.4915556567006584e10	52.216430838112025	0.7261129111853701	29.5786699793546	-2.8242355881839205
5.4915556567022026e10	52.297432914397916	0.713587740067096	29.487661749962427	-2.811748518507475
5.4915556567037796e10	52.3778348446684	0.7007576153981401	29.39732780239254	-2.7989587500330426
5.491555656705388e10	52.4573949119628	0.6876451101313038	29.30793971278152	-2.7858889303000267
5.491555656707033e10	52.53629150125008	0.674203842329589	29.219297060336686	-2.7724929903327027
5.491555656708714e10	52.614441280303005	0.6604286254428312	29.131493471294817	-2.7587659463721255
5.491555656710434e10	52.69181845855582	0.6463037352084615	29.044557922113455	-2.7446923351118246
5.491555656712195e10	52.76847161176351	0.6317977596651063	28.95843583648937	-2.7302410934568933
5.4915556567139984e10	52.844409394138886	0.6168835515040684	28.87311749116023	-2.7153854470150667
5.491555656715848e10	52.9195954580117	0.6015402736700957	28.78864372382057	-2.7001049495294414
5.4915556567177475e10	52.994074900225925	0.5857274461975034	28.704963866811596	-2.684359643742552
5.491555656719696e10	53.067761322330995	0.5694290073493347	28.62217499136139	-2.668133947862874
5.4915556567216995e10	53.140686037248614	0.5526001522909909	28.540241916475935	-2.651383733256536
5.491555656723761e10	53.21282118758144	0.5352045434878614	28.45919594076375	-2.6340733910787666
5.491555656725889e10	53.284253477521865	0.517171728141649	28.378939649506066	-2.616133480470583
5.491555656728081e10	53.354789198374704	0.49849610673755623	28.299690680135683	-2.5975592130917597
5.491555656730348e10	53.424639463079565	0.47905869761258946	28.221211841032783	-2.578233196864673
5.491555656732692e10	53.49363980035053	0.45883143299424645	28.143687920551457	-2.5581286745251237
5.491555656735126e10	53.561926553845495	0.4376887226159673	28.06696573256457	-2.5371222264915563
5.491555656737651e10	53.629358764066865	0.41557373454831237	27.991203649225355	-2.515159132630307
5.491555656740277e10	53.69596722227073	0.3923601769760588	27.916367075647287	-2.49211613980489
5.491555656743014e10	53.76167118094404	0.3679384853267636	27.84254673406511	-2.467887240033325
5.49155565674588e10	53.826574119101274	0.34210165737403936	27.76962636271608	-2.4422706435028645
5.491555656748892e10	53.890737539335525	0.3146096422680111	27.69753686165612	-2.4150331556641897
5.4915556567520645e10	53.95402910199211	0.28525180108015064	27.62642691838235	-2.385972571385926
5.4915556567554245e10	54.016539372681876	0.2536448264114635	27.556194779733488	-2.3547184834362267
5.4915556567590065e10	54.07830121993068	0.219313604442717	27.486803516972287	-2.320814196978329
5.491555656762848e10	54.139269535594664	0.18166130319550305	27.41830381043954	-2.2836899817538927
5.491555656767013e10	54.1996005026401	0.1396986985423606	27.350520183937334	-2.2424018552378278
5.4915556567715836e10	54.259324468822726	0.09204933035149492	27.283418540880376	-2.1956490504739277
5.4915556567767166e10	54.31887718743173	0.036098631455222664	27.216509299521277	-2.1409681579694153
5.491555656782703e10	54.379065757880255	-0.03333905730029083	27.14888565983827	-2.0735211905241977
5.4915556567904236e10	54.4431873807962	-0.13202594261629755	27.076843119343977	-1.9787359507017672
5.491555656801854e10	54.51310372902634	-0.3087673085089241	26.998290033561062	-1.8137315389367235
5.491555656813514e10	54.55748823541386	-0.5564250372728415	26.94842272750364	-1.5973163031352573
5.4915556568325e10	54.58757041088221	-1.1260200297294005	26.914624513520977	-1.1609475472967765
5.491555656864237e10	54.597841130720425	-1.8909598417629956	26.903085056242418	-0.6343959085981611
5.491555656932704e10	54.601549002102466	-2.6351940861152285	26.89891915380693	-0.13669378100773888
5.491555657055631e10	54.60300269145598	-3.207095743372679	26.897285892185465	0.24426516267083054
5.491555657306611e10	54.60383018987658	-3.7430364989688143	26.896356176040427	0.6011859271690547
5.491555657831472e10	54.6043429390485	-4.26285348107604	26.895780093074137	0.9474443655946749
5.491555658940648e10	54.604673399722174	-4.774060120093374	26.89540882319241	1.2880479917717949
5.4915556612987785e10	54.60489105718873	-5.280381565260439	26.895164305083455	1.625458380986798
5.491555666331867e10	54.605036277180176	-5.783881840771958	26.895001202677378	1.9610321371195534
5.4915556771047226e10	54.60513394178271	-6.28580159195109	26.89489159463963	2.2955822583434444
5.491555700212917e10	54.605199950796994	-6.786905610065596	26.894817691188365	2.629608942433619
5.4915557498694496e10	54.60524470382235	-7.2876928973050905	26.89476796774514	2.963438383092503
5.491555856738812e10	54.605275103509186	-7.788490188900441	26.89473501349974	3.2972841749476114
5.4915560870549126e10	54.605295776225134	-8.289512934269359	26.894714374765755	3.63128739166052
5.491556584036948e10	54.60530984247376	-8.79090311620805	26.89470415466465	3.9655415962290195
5.491557657707878e10	54.60531941575314	-9.292754949425442	26.89470546180499	4.300110242368897
5.4915599798655304e10	54.605325931198244	-9.795125460247512	26.894724231643778	4.635034785231309
5.491565007777292e10	54.605330364929266	-10.298043948172355	26.894775740294136	4.970343603785792
5.491575905770926e10	54.605333381469144	-10.801507178869754	26.894894793303393	5.306054696349862
5.491599551930253e10	54.60533543347069	-11.305466493917725	26.895158159416752	5.642180077651211
5.491650911708754e10	54.605336829364894	-11.80978713113207	26.89573363338539	5.978727069351849
5.491762579911463e10	54.605337779390275	-12.314158034961094	26.896987191308	6.3157002229513095
5.492005618744192e10	54.60533842695947	-12.81788943001322	26.899717076937378	6.653101918661893
5.492535109461091e10	54.60533887008337	-13.319469563232024	26.90566556395177	6.990933201494666
5.493689824240964e10	54.60533917606192	-13.815592603989469	26.91863878238044	7.329194158234438
5.4962105304363754e10	54.6053393916862	-14.299028674951591	26.94695942005754	7.6678842010987145
5.501718588651253e10	54.60533955067699	-14.75395360157108	27.008843905191753	8.007002272723994
5.513766207614967e10	54.60533968032763	-15.145699600385374	27.14420232323144	8.346546823978576
5.5401433184725e10	54.605339812873325	-15.398241959306183	27.440556819268096	8.686515226347035
5.597948487117321e10	54.60534004097294	-15.344704650031812	28.090014736103768	9.026898339510332
5.7247478608966415e10	54.605341424420786	-14.618412845205501	29.51464166359918	9.367647287469453
5.96936324935793e10	54.60544697753142	-12.69103402549965	32.26284933774994	9.674103311675111
6.088523546192799e10	54.60650660205155	-11.595035530417055	33.60046001035633	9.717993560350465
6.138463510901534e10	54.60923983334505	-10.955400352902704	34.15847942386725	9.614696444781154
6.159496784462636e10	54.61328311092203	-10.464887624176024	34.390251733676706	9.42189787256482
6.168169999374053e10	54.618103956861134	-10.01969392770833	34.48228150639014	9.178392771509234
6.1715949483036705e10	54.62329320880654	-9.588222639603659	34.51493154288735	8.909651553624
6.172906316366413e10	54.62861942745043	-9.160913217158893	34.52368098683772	8.629845052134725
6.173400946828861e10	54.633979943177636	-8.734923280473952	34.52321560840326	8.345582278864429
6.1735864405069305e10	54.639335872576154	-8.309518013387683	34.51928213961335	8.059701054603186
6.1736559143456795e10	54.644675636054735	-7.88452626342877	34.51406331647857	7.7733512101194515
6.173681953374558e10	54.649999318623145	-7.459795639239974	34.5083745577879	7.486903323852563
6.173691719287769e10	54.65530650971876	-7.035496486589343	34.50252149449196	7.2006479297123995
6.173695388006299e10	54.66060146453479	-6.611479259877098	34.496613675227564	6.914548743551211
6.173696767091178e10	54.6658825487525	-6.1880471750016	34.49069571527187	6.6288336854366365
6.1736972864798874e10	54.671153493515746	-5.765039006664606	34.48477948836924	6.34340199199608
6.17369748231301e10	54.67641477522744	-5.342521527041822	34.47887048293458	6.058300945863481
6.1736975562532364e10	54.68166796030743	-4.920448065594066	34.47296920481429	5.773498643815328
6.173697584197157e10	54.686911867182545	-4.498974782484957	34.467077834234516	5.489097606979404
6.1736975947763565e10	54.69214929540285	-4.07792949998221	34.461193547527074	5.204973914694198
6.173697598785121e10	54.697379048092024	-3.657468259181856	34.45531781067373	4.921212754271417
6.173697600306987e10	54.70260494994797	-3.237383164826246	34.44944637241977	4.637621314403785
6.173697600885462e10	54.707828817761495	-2.8177476540275297	34.44357720886299	4.3541116775166255
6.173697601105929e10	54.71306099486129	-2.3982762733729377	34.4376987055596	4.07013022778411
6.173697601190314e10	54.71832615332413	-1.9784039328515626	34.43178314518562	3.784343423378945
6.173697601222923e10	54.72369309877571	-1.5563836478737445	34.425753223550856	3.4930204869857975
6.173697601235814e10	54.72935425148693	-1.127334025572683	34.419392751123524	3.1857192583658644
6.173697601241232e10	54.73594547840356	-0.6743188914085326	34.41198731271405	2.8279247561724588
6.1736976012440155e10	54.747060537531986	-0.10414878076450235	34.3994992149467	2.224557141807901
6.173697601245065e10	54.760184853154286	0.2917945559163656	34.38475365802995	1.5121408820420008
6.173697601245714e10	54.77869132208163	0.6065018464632832	34.36396109263413	0.5077835480712932
6.1736976012461845e10	54.8045105237439	0.8612210300442112	34.33495245563361	-0.889719328830987
6.173697601246484e10	54.831001392152885	1.0243492393532785	34.305189181164025	-2.259761340299229
6.1736976012466415e10	54.84910247790518	1.086766427197675	34.284852075748205	-2.927209611602137
6.173697601246737e10	54.86086424236691	1.102719789494291	34.27163738536299	-3.1171280325358888
6.1736976012468285e10	54.87255349503754	1.1075884450042133	34.258504164129846	-3.181625143726013
6.173697601246941e10	54.8870147248149	1.1084612986302125	34.24225654459704	-3.201296860942348
6.173697601247103e10	54.90776738725116	1.1075904567153243	34.21894031432865	-3.2045585914470873
6.1736976012474e10	54.94570399537222	1.1053271906974724	34.176317412632926	-3.2027176764050624
6.173697601248126e10	55.03775923594735	1.0996881382003345	34.072890626122245	-3.197090694860158
6.1736976012489815e10	55.14487754199132	1.093029242974027	33.952540039879096	-3.190439638430386
6.173697601249851e10	55.251479595329094	1.0862961697391864	33.83276947881066	-3.1837146217312475
6.173697601250726e10	55.357517274925165	1.0794900959580567	33.71363300836791	-3.1769168275980566
6.173697601251611e10	55.462992749553706	1.0726090164434818	33.595128191803525	-3.170044260195467
6.173697601252507e10	55.56791856140505	1.0656501466424217	33.477240937661264	-3.1630941457345245
6.173697601253409e10	55.67225583040686	1.0586140613966313	33.360014928804304	-3.156067066003867
6.173697601254324e10	55.77602797946312	1.0514971191666076	33.24342384894524	-3.148959392186496
6.173697601255248e10	55.879183574807136	1.044300748421569	33.12752548542019	-3.1417725593510006
6.1736976012561806e10	55.9818100381246	1.0370165945754886	33.012221617377946	-3.1344982330176716
6.1736976012571266e10	56.0838382937372	1.0296471732387322	32.89758985339839	-3.1271389350156467
6.173697601258084e10	56.18533792375819	1.0221849615850103	32.78355201590719	-3.119687163044308
6.173697601259051e10	56.28621615255186	1.0146342183792856	32.670212341073494	-3.1121471806439094
6.173697601260028e10	56.38646476716759	1.0069930852115723	32.55758005641226	-3.1045171431561704
6.17369760126102e10	56.486144114074904	0.99925426549741	32.44558736086154	-3.096789776525094
6.173697601262022e10	56.58526767567092	0.991413728313538	32.33421910654695	-3.0889610687339424
6.1736976012630356e10	56.68378454800106	0.983472456671631	32.223532485580364	-3.0810320149577075
6.173697601264063e10	56.78173828278435	0.9754237630424653	32.1134785663028	-3.0729959524697024
6.173697601265101e10	56.878989606653846	0.9672759913365884	32.004213826477354	-3.064861227172733
6.173697601266154e10	56.97572532635094	0.9590101129487626	31.895528383190396	-3.056608857245289
6.173697601267222e10	57.07188813079156	0.9506271449746153	31.78748662713886	-3.048239876099586
6.173697601268303e10	57.1673733664769	0.9421325583280764	31.680206139653166	-3.0397597640203435
6.173697601269398e10	57.262206221393605	0.9335204865767351	31.57365862125269	-3.0311626839901336
6.173697601270506e10	57.35643481143841	0.9247825338643969	31.467790012307233	-3.022440275932327
6.173697601271631e10	57.45001536572027	0.915918503555764	31.362649490715995	-3.0135923662814212
6.17369760127277e10	57.54299462430155	0.906919465351997	31.25818454264052	-3.004610065423991
6.1736976012739265e10	57.635369084996185	0.8977808625532163	31.15439910288231	-2.9954888516945077
6.173697601275101e10	57.72715273014421	0.888496094787362	31.051277461884894	-2.986222166001153
6.173697601276292e10	57.818221606100586	0.8790725589783186	30.948958885216854	-2.9768174210637044
6.173697601277502e10	57.908723400343945	0.86948942998258	30.84727744161617	-2.9672538661008927
6.173697601278729e10	57.99856037148687	0.8597509959181368	30.746342946463557	-2.957535816375104
6.173697601279975e10	58.08778849233366	0.8498449027183477	30.646092512624165	-2.947650982294734
6.17369760128124e10	58.17634617259227	0.8397713261605155	30.54659533862403	-2.937599581103046
6.173697601282526e10	58.26420375041654	0.8295269308539928	30.447884750422674	-2.927378329372839
6.17369760128383e10	58.35142115744808	0.819097438724025	30.34989341304143	-2.916973030191325
6.1736976012851585e10	58.43796395179805	0.808479069381848	30.25266002296965	-2.9063799655636857
6.173697601286509e10	58.523878046079204	0.797657678297838	30.15613299603254	-2.8955850835055816
6.173697601287885e10	58.60913847762784	0.7866271831126489	30.060340378514667	-2.884582381320243
6.1736976012892845e10	58.69374473250624	0.7753778760727368	29.965282747857856	-2.873362246559611
6.173697601290709e10	58.77761680246111	0.7639103409866613	29.87104999565898	-2.861925338263251
6.173697601292161e10	58.860807664560205	0.7522066616025941	29.77758260066301	-2.8502538722490036
6.1736976012936424e10	58.94330466167309	0.7402568616306465	29.684894783496276	-2.838337993527174
6.1736976012951515e10	59.025133780508035	0.728044373294376	29.592957347348857	-2.82616128570995
6.173697601296692e10	59.10624875397268	0.7155623706885029	29.501822274637817	-2.81371705856377
6.173697601298262e10	59.18664981458426	0.7027962372809307	29.411489304156277	-2.8009908677685416
6.173697601299866e10	59.266292274289015	0.6897375509983605	29.32200864423183	-2.7879744595755813
6.173697601301503e10	59.34526677812422	0.6763541328897088	29.233278452485393	-2.7746359199425115
6.1736976013031784e10	59.42355703845292	0.6626291546829972	29.145317028583378	-2.760958660480087
6.173697601304893e10	59.501152222919885	0.6485432458124364	29.058136542961876	-2.7469235848889193
6.173697601306647e10	59.57792194984406	0.6340980606582359	28.971883483319544	-2.732532571155322
6.173697601308443e10	59.653986330401	0.619246773435475	28.886422901189945	-2.7177392306347974
6.1736976013102844e10	59.72930011791974	0.6039705643795918	28.801805632539327	-2.7025251199368063
6.173697601312176e10	59.803864903615384	0.5882388563054051	28.718029889613973	-2.6868601330175403
6.173697601314118e10	59.87772321154318	0.5720082889367251	28.635047895354802	-2.670701498154175
6.173697601316114e10	59.95079430682384	0.5552585594084593	28.55295035780844	-2.654029471443415
6.173697601318168e10	60.02310190000069	0.5379421652181002	28.47171063745307	-2.6367973167881598
6.1736976013202866e10	60.094698387628604	0.5199975952025342	28.39126986522868	-2.618944474208642
6.173697601322468e10	60.16538022396086	0.5014228336567375	28.31185673079861	-2.6004696981010973
6.17369760132472e10	60.23526182805208	0.48212866819060274	28.23334268097213	-2.581285157674966
6.1736976013270485e10	60.304312306563325	0.4620536527731602	28.155762425326685	-2.561330856099996
6.173697601329466e10	60.37270957728693	0.4410609469356606	28.07891606795718	-2.5404721476258634
6.1736976013319756e10	60.44022751891506	0.4191213915182406	28.00305766284262	-2.5186817481106627
6.173697601334586e10	60.50701978263835	0.39606993719010536	27.928014578328003	-2.4957978392359688
6.173697601337309e10	60.572960973018894	0.3718110074717969	27.85392769989383	-2.471728229866163
6.173697601340156e10	60.63807361329106	0.3461713369034522	27.780771722036008	-2.446304460473955
6.173697601343144e10	60.702373571286515	0.318939653531746	27.708528816744803	-2.4193216129170665
6.173697601346291e10	60.76582209581527	0.28987648737311306	27.637242522157322	-2.390548570175403
6.173697601349623e10	60.828483653520586	0.2586230927762552	27.566840408080026	-2.3596387423701466
6.17369760135317e10	60.89036823600254	0.2247374094927868	27.497311248663465	-2.326167286182333
6.1736976013569695e10	60.95149324767259	0.18761637927535618	27.42863548952417	-2.2895569911135945
6.173697601361081e10	61.01193487699163	0.14636954754071216	27.360727530687	-2.2489588072695983
6.1736976013655785e10	61.071690123237616	0.09974413620970346	27.293590743532405	-2.203188561787605
6.17369760137061e10	61.131206928318896	0.04532024981171652	27.2267218521022	-2.149962149229082
6.173697601376427e10	61.1911195591178	-0.021406520414280504	27.159408238775796	-2.085073581065384
6.173697601383732e10	61.25394381628882	-0.11300783177558697	27.088823327082793	-1.9968842624073981
6.173697601394973e10	61.326393653620656	-0.28093623603452406	27.007423791315233	-1.8392069422191537
6.1736976014062065e10	61.372936242906	-0.5067501090292207	26.955131815274655	-1.639188389569063
6.173697601423996e10	61.40627483195978	-1.0244541483411624	26.917674924248132	-1.2342959186929345
6.1736976014527954e10	61.418357455767946	-1.776963680744164	26.904099739216036	-0.7112550595784451
6.173697601515304e10	61.42265703083438	-2.544704317387669	26.899269040122164	-0.1970192516321974
6.173697601626467e10	61.42425944589595	-3.125974919315085	26.897468680640742	0.19024257320824112
6.1736976018519684e10	61.42515214666502	-3.6654618678343147	26.896465707440512	0.5495196569389079
6.173697602322465e10	61.425700616125816	-4.187043711041302	26.895849491063274	0.8969407933180398
6.173697603315562e10	61.42605255288734	-4.699219275054016	26.89545409084647	1.2381791192014169
6.1736976054254166e10	61.42628377872811	-5.206103525195822	26.89519432548812	1.5759567038191986
6.173697609926439e10	61.42643781758289	-5.709931281347989	26.89502130884037	1.9117432921385769
6.173697619556812e10	61.42654131338944	-6.212025240459843	26.894905136433664	2.246405829501321
6.1736976402083496e10	61.426611222250024	-6.713211935403957	26.89482682379574	2.5804851029671565
6.17369768457513e10	61.426658601917566	-7.214022637167897	26.89477408981591	2.9143284177960345
6.173697780039641e10	61.42669077863199	-7.714803094878051	26.894739010896302	3.2481617591986014
6.173697985737129e10	61.42671265703463	-8.215782359004727	26.894716740936275	3.582135044613629
6.173698429516756e10	61.42672754276544	-8.7171115529376	26.89470500237192	3.91634771147558
6.173699388087185e10	61.42673767359725	-9.21889120118129	26.894704389903637	4.250867122809518
6.173701460966324e10	61.426744568578805	-9.721183310321893	26.89471993259329	4.585737529197865
6.173705948425561e10	61.42674926069714	-10.224020469379187	26.894765078797064	4.9209884442810745
6.1737156734800766e10	61.426752453129005	-10.727405336174098	26.894870755867743	5.256639548784201
6.1737367713972336e10	61.426754624818564	-11.231297426617335	26.89510535724665	5.592703457196003
6.173782589450807e10	61.42675610209934	-11.735578830765313	26.89561847687699	5.929188186659486
6.173882193706582e10	61.426757107396774	-12.239973182949905	26.896736430674792	6.266098449665776
6.174098943971121e10	61.426757792414335	-12.743866511819771	26.899170914404095	6.60343704603591
6.17457109210208e10	61.426758260787544	-13.245911453907587	26.904475112112124	6.94120511972513
6.175600603087725e10	61.42675858360731	-13.743161562006854	26.91604160995601	7.279402880042719
6.177847665932941e10	61.426758810167065	-14.229173483833023	26.9412877713269	7.6180298526903245
6.182757067796566e10	61.42675897570403	-14.689846293331186	26.996446167876712	7.957085042025385
6.193493717557125e10	61.42675910797753	-15.094291985664354	27.117075456089225	8.296567015882983
6.216997234458271e10	61.426759237136466	-15.374784262292101	27.381144277585264	8.636473376326046
6.26849791900829e10	61.42675943681151	-15.382682146348726	27.95976948219439	8.9767969436328
